Hero_Role,0,1,2,3,4,5,6,7,8,9,10,11,12,13,14,15
Anti-Mage_mid,1.9747425e-24,-2.0899201e-24,6.985778e-25,1.4589323e-24,4.2272453e-24,6.28898e-25,2.2791268e-24,-8.905303e-26,-2.5288812e-25,-2.5503956e-24,-1.1347272e-24,1.9744478e-24,-8.1063983e-25,-2.5594876e-24,2.8226147e-24,9.185678e-25
Anti-Mage_offlane,-8.98352e-24,-3.3465183e-25,-9.917074e-25,-9.22181e-25,-4.367848e-25,1.6408418e-25,-1.6815896e-25,-1.5275218e-24,-4.8419474e-24,1.2340283e-24,-1.2085761e-24,1.1505646e-24,5.7849394e-25,1.0550787e-24,-1.1741546e-25,-3.1514642e-24
Anti-Mage_softsup,1.9606159e-25,-1.8783599e-24,-1.1877628e-24,-7.2586425e-25,2.2353187e-26,3.3018764e-25,5.2044733e-25,4.3940213e-25,-2.069591e-25,-2.750683e-25,1.5832642e-24,5.175457e-24,-8.5894873e-26,1.8726818e-24,-2.6626038e-25,-1.2521166e-24
Anti-Mage_hardsup,-3.493955e-24,-5.341644e-24,1.2210508e-25,-1.8359542e-25,2.3960001e-24,-1.4325052e-24,3.993994e-24,1.7402774e-25,-3.3022674e-25,-4.6957576e-25,-1.2719262e-24,1.3417828e-24,-2.2407292e-24,2.7069266e-25,3.1563555e-24,-8.004823e-25
Anti-Mage_carry,-0.006576184,0.0021494506,-0.00056355493,-0.0012362289,-0.0025140438,-0.00018475423,0.0015799311,0.009545035,0.006453967,-0.00090848585,-0.007401763,-0.0009029992,0.0011496788,0.0004866809,-0.003527651,0.0023356436
Axe_mid,2.3467066e-24,1.2836974e-24,1.8250953e-25,1.5969518e-25,5.5109866e-24,1.3294696e-24,2.0256554e-24,-1.2660494e-24,8.4619334e-26,1.9261768e-25,-2.4525938e-24,2.8076664e-24,3.2162206e-24,3.9276915e-24,4.3898934e-24,-1.1464498e-24
Axe_offlane,0.00072773045,-0.005462135,-0.001040839,0.0046826364,0.0010567997,0.0051894304,0.0038625987,-0.006468074,0.002581826,-0.0007081874,-0.003174685,-0.0027330653,-0.0037095633,0.0010055214,0.0045392197,0.004985754
Axe_softsup,-1.0737097e-25,3.340228e-24,-2.9159997e-24,-3.2237262e-24,3.1779504e-24,4.699975e-25,9.202203e-25,-8.965629e-25,5.841244e-25,1.3974995e-24,-6.556504e-25,-3.385217e-24,-1.5775388e-24,-2.0007903e-24,-6.1606433e-25,5.890525e-25
Axe_hardsup,7.441666e-25,1.0797463e-25,1.5654584e-24,1.8075306e-25,1.3733638e-24,2.6666926e-24,9.430795e-25,5.28398e-24,-7.02879e-26,1.600445e-25,-4.731743e-24,1.0989567e-25,-8.702748e-25,-3.2706518e-24,3.836149e-24,2.2225882e-24
Axe_carry,-4.5195813e-25,-1.958436e-25,3.3960415e-24,-3.4473577e-24,3.0319064e-24,-1.5857957e-24,-3.6143942e-24,-2.1922652e-25,4.27841e-25,3.199602e-24,-1.5431385e-24,-6.92426e-25,4.6449653e-24,-3.970707e-24,2.2226718e-25,-3.2815511e-24
Bane_mid,-3.5588166e-24,1.0187893e-24,-1.3526156e-24,2.1776568e-24,-3.1230037e-25,-2.9562728e-24,-2.438815e-24,5.1821164e-24,3.183305e-24,3.4060284e-24,2.8535495e-25,3.6658258e-25,-2.8381283e-24,-1.728236e-24,4.587133e-24,-8.847335e-25
Bane_offlane,1.7756289e-24,-6.61088e-25,3.980333e-24,5.3257045e-25,-5.5676595e-26,1.183447e-24,-1.3573628e-24,5.3434125e-25,6.08271e-25,-3.941859e-25,-8.0912114e-24,3.6419917e-24,2.1463594e-24,7.190252e-25,-1.4233354e-24,-6.5425856e-26
Bane_softsup,6.726219e-26,5.645609e-25,-8.0824953e-25,-9.094958e-25,2.7859404e-24,9.502114e-25,5.9946676e-24,2.6815757e-24,8.709322e-25,-6.491702e-25,-1.9612035e-24,-5.1207285e-24,-3.6568176e-24,2.6834188e-24,7.240064e-25,1.5256239e-24
Bane_hardsup,0.0009283427,0.0013396642,-0.0073053786,-0.00042326655,-0.0074804896,-0.00076163886,-0.003316892,0.0061367285,0.002613507,0.0038154258,-0.007067748,-0.004533337,0.00036233623,-0.0059292605,-0.001937492,0.0029622493
Bane_carry,-4.0117466e-24,-2.3172846e-25,1.7035572e-24,1.6872749e-24,5.4823537e-24,-7.073417e-25,8.681028e-24,-1.5705852e-24,-3.2700912e-25,-1.8657744e-24,-1.6685536e-24,-3.582256e-24,1.9949574e-24,2.3382238e-24,1.3102678e-24,-3.388237e-25
Bloodseeker_mid,6.572933e-25,1.0477067e-24,3.743533e-24,8.314395e-24,-1.0072436e-24,-8.2579685e-26,1.2017061e-24,-5.651516e-25,-4.3524406e-24,-7.404635e-25,-3.1226132e-25,6.979782e-24,-6.2604465e-25,-4.0466577e-25,4.315799e-24,1.5824195e-24
Bloodseeker_offlane,3.0188251e-24,1.0023762e-24,-4.4473193e-24,-3.2442303e-24,-2.1366939e-25,7.291303e-26,5.9471134e-25,-1.50588005e-24,-2.0542184e-26,-2.6181574e-25,-2.950938e-24,-1.2814058e-24,-4.7664534e-24,1.3226643e-24,-1.5641169e-25,8.845254e-25
Bloodseeker_softsup,3.551193e-24,-3.6530074e-24,-2.6513986e-24,6.948945e-26,2.4412535e-24,-2.6279252e-24,-5.13393e-24,-2.71862e-24,-3.384433e-24,-1.1732879e-25,2.3881975e-24,-4.696198e-24,3.4090443e-24,-8.029907e-25,2.096939e-24,1.1431486e-24
Bloodseeker_hardsup,-1.0907118e-24,1.6069316e-24,8.0832196e-25,-1.3912277e-25,2.8886092e-25,2.9870646e-24,-4.399509e-24,-2.1535094e-24,6.249464e-24,-8.059115e-24,-2.2614966e-26,-1.3698838e-24,1.1713133e-24,5.289566e-25,5.184231e-24,1.2204789e-24
Bloodseeker_carry,-0.0038529062,0.007723997,0.0024576413,-0.0041076555,-0.00047408158,0.00020934264,-0.0024074006,0.005850333,-0.0004939329,-0.008014455,-0.0026818092,0.0024066356,0.0025079378,0.003388864,-0.011334273,-0.0041476176
Crystal Maiden_mid,1.8935492e-24,-3.0639003e-24,-1.5245318e-25,1.369741e-24,-2.9582505e-24,-2.395392e-25,9.019892e-25,-6.99266e-27,4.2999565e-25,-2.0843942e-24,-7.3883317e-25,-1.7627091e-24,-2.2582875e-24,-1.0806603e-24,2.7725887e-25,-2.6545128e-25
Crystal Maiden_offlane,-5.778915e-25,1.236107e-24,-1.6239949e-24,-1.5659674e-24,-6.5897506e-25,-5.770763e-24,2.216384e-24,2.058103e-24,2.9426405e-25,3.74543e-24,-1.205455e-24,-5.1357123e-25,2.3735862e-24,3.1771627e-24,1.9638728e-24,-1.1566719e-25
Crystal Maiden_softsup,1.3455419e-24,-1.4164362e-25,1.2679259e-24,7.7330684e-25,5.4219406e-25,-4.2176504e-24,3.8069366e-24,-9.276689e-26,1.32327e-24,3.3356557e-24,6.5909557e-24,1.6647198e-24,-2.1261862e-25,5.4962235e-24,-1.3985204e-24,-3.5261692e-24
Crystal Maiden_hardsup,-0.0013799898,0.002034644,0.0035193018,-0.0047684573,0.0026951425,-0.002198387,0.0045943903,0.003094757,-0.0018253992,-0.0046249116,-0.0036270455,-0.0058201733,0.0031109734,0.0034537609,-0.0029774595,-0.003501307
Crystal Maiden_carry,-7.8173936e-25,-5.180998e-24,1.7997597e-24,-1.4913853e-24,-2.6316765e-25,-1.5282951e-24,3.7902558e-24,8.511734e-25,-2.9550952e-24,-2.254969e-24,-9.953909e-25,4.3042215e-24,1.3867093e-24,3.817883e-24,5.253273e-25,-3.7995296e-24
Drow Ranger_mid,2.5079856e-24,-2.8860916e-24,7.903484e-26,-2.5295658e-25,1.9827096e-24,-4.456843e-25,3.2230391e-25,-2.3282843e-24,-1.4935425e-24,-3.6749766e-25,-1.8491797e-24,-1.2699281e-24,-2.5501161e-25,-3.3547183e-25,1.6667962e-24,-4.7573397e-24
Drow Ranger_offlane,-0.0052488185,-0.00398722,0.006702016,0.0031282802,0.007156278,0.0016973708,0.0033789389,-0.0038165306,-0.011962989,0.0008852513,0.008965953,0.0020492068,0.0032072538,0.006225366,0.00826965,-0.00073999166
Drow Ranger_softsup,6.3588953e-24,-6.0968367e-25,4.5888177e-25,7.065976e-25,-1.6633396e-24,2.1973908e-24,9.121223e-25,-2.298516e-25,1.4599215e-24,3.699778e-24,-1.4221166e-24,4.2031353e-24,-2.5322736e-25,2.341394e-24,-5.2657787e-25,3.3150274e-24
Drow Ranger_hardsup,3.0162748e-24,1.432222e-24,-1.3126168e-24,3.582517e-24,-4.0835395e-25,-2.288082e-24,1.7444911e-24,2.8342767e-24,-1.3945434e-26,3.6268697e-24,2.303282e-25,1.8550232e-24,-9.857554e-25,-5.8047896e-25,-4.8240047e-25,3.6761313e-26
Drow Ranger_carry,1.294311e-25,-9.353197e-25,1.4465235e-24,2.6521941e-24,-5.3051637e-24,-4.4565833e-24,-2.30837e-24,8.871861e-25,-8.389602e-26,6.7061874e-25,-4.377043e-24,5.695359e-25,5.059142e-24,4.273308e-24,1.09779905e-24,-2.4141396e-24
Earthshaker_mid,-0.00038237008,0.00088936236,-0.003263191,-0.00097634876,-0.0036178343,0.0007294933,-0.00033837458,0.005090113,0.006678022,-0.00091027084,-0.0043796333,-0.0004095838,-0.00059839746,-0.002206895,-0.004220364,0.0023348697
Earthshaker_offlane,-0.0003727913,0.0009878618,-0.0033765647,-0.00097328745,-0.0036958465,0.00075789564,-0.00039331493,0.005162111,0.0067273253,-0.0010163599,-0.004491709,-0.0005063369,-0.00061427243,-0.0022456963,-0.00436485,0.0022848402
Earthshaker_softsup,-0.00038305263,7.345126e-05,-0.002487072,-0.0009769625,-0.0030972648,0.0005204983,-3.4654673e-05,0.0044743004,0.006233196,-0.00017925851,-0.0035490321,0.0001503831,-0.00047864855,-0.0019676464,-0.003195705,0.0026463715
Earthshaker_hardsup,-8.21109e-24,2.9911056e-24,-6.488156e-25,-1.0627937e-24,-3.475898e-24,4.4935474e-24,-5.428302e-25,9.4063947e-26,-3.2864233e-24,-4.7788247e-24,3.98849e-25,-1.9993477e-24,1.0703428e-24,2.8271292e-24,-5.770193e-25,-3.2753347e-24
Earthshaker_carry,-1.5425638e-24,-2.6781552e-24,1.0684869e-24,-3.5321035e-25,-5.0294517e-25,4.0977e-25,-9.997035e-25,7.3179254e-25,1.3373328e-24,1.9269758e-24,-5.29444e-25,9.47601e-25,-2.7125953e-24,-1.5146276e-23,-1.1389641e-24,2.4168274e-24
Juggernaut_mid,-1.77836e-24,3.820081e-24,-1.8417433e-24,-5.3615243e-24,-1.3797911e-24,1.1174195e-24,-1.3719691e-25,-4.431535e-25,3.2674027e-25,-3.154896e-24,-1.8224902e-24,1.4560686e-25,4.2231842e-24,4.444395e-24,2.7007525e-24,-2.019761e-24
Juggernaut_offlane,-7.9756954e-25,2.3292467e-24,4.3948474e-24,4.6560444e-24,2.2034216e-25,-7.38857e-26,2.9434102e-24,-1.5833277e-24,2.958298e-25,-3.1278055e-24,9.02761e-25,1.2315876e-25,-2.7174116e-24,3.0191363e-25,1.0090689e-24,-2.4606808e-24
Juggernaut_softsup,-1.2708525e-24,1.2172838e-24,4.2299806e-25,-1.4816814e-25,-1.3203804e-24,4.0522587e-25,5.6262166e-25,1.3813586e-25,6.348111e-24,-8.797537e-25,-3.2797906e-24,-1.7318424e-24,-1.0122965e-24,-1.6552964e-24,3.0002377e-25,-3.0146043e-25
Juggernaut_hardsup,-1.3668791e-24,-4.590571e-25,1.837732e-24,-4.3574282e-24,-2.7295376e-25,1.3410999e-25,3.3593765e-25,4.325461e-25,-2.2885806e-25,5.921491e-26,5.5001138e-25,-4.0920168e-25,4.0773286e-24,1.8672787e-24,2.5632998e-24,-1.3310765e-24
Juggernaut_carry,-0.0008643151,0.013463404,0.008624824,-0.0074767056,0.0072322083,-0.004628215,0.003956507,0.0034783103,-0.0045252955,-0.01665256,0.0020253125,-0.0015800323,0.0045755045,0.008014247,-0.0143955005,-0.012899937
Mirana_mid,0.0031637398,-0.0015633394,-0.004157461,0.0019210326,-0.0042517125,-0.00037632528,-0.0040151337,-0.00072147837,0.0047194147,0.0048193154,-0.0009686926,0.0022908973,-0.0022006943,-0.005637849,0.0020461704,0.0035404088
Mirana_offlane,-1.3116506e-23,3.247775e-24,-1.053732e-23,1.0887994e-24,-7.9098097e-28,4.565368e-24,-8.59332e-25,6.815068e-27,4.7320176e-24,1.3813e-24,2.1240597e-24,-2.0182791e-24,-2.6619717e-26,7.330687e-27,4.0107956e-24,9.9151746e-24
Mirana_softsup,0.004624626,-0.008746586,-0.0010426973,0.0039659725,-0.0031938257,0.0021397192,-0.003927947,-0.005609467,0.0028168282,0.0045901444,0.000996361,0.0036928484,-0.004057371,-0.0032587724,0.007563854,0.008493698
Mirana_hardsup,0.0032197824,-0.0016269244,-0.004146058,0.0019562175,-0.0042711613,-0.0003666289,-0.004048545,-0.0008010039,0.004703755,0.004823991,-0.00091876276,0.0023187287,-0.0022283047,-0.0056578605,0.0021105697,0.0035697252
Mirana_carry,2.5724932e-25,-7.6449575e-25,3.0660006e-25,3.6283588e-25,-6.578503e-24,-6.879423e-24,6.588561e-25,-2.058895e-24,-1.5321848e-24,5.4074656e-24,-3.904605e-25,-5.1002362e-24,-1.7001441e-24,1.2612271e-24,-3.8863516e-24,-1.2894651e-24
Morphling_mid,9.286523e-25,-2.6314607e-24,4.0104946e-25,2.0384466e-24,8.598943e-25,-9.236713e-25,1.754392e-24,-2.6263753e-25,-4.2356123e-24,3.680828e-25,-1.6256165e-24,-6.917606e-25,1.2101217e-24,-3.397561e-24,6.038459e-25,6.2962125e-25
Morphling_offlane,-1.7527083e-24,-4.8118302e-24,8.6386e-24,5.141029e-24,3.4844787e-26,-1.7394225e-24,3.5489073e-24,-5.6897003e-24,9.4601245e-25,-8.5296424e-26,1.5351198e-24,1.3939721e-24,5.0535865e-24,-4.56964e-24,6.001679e-25,-5.259379e-24
Morphling_softsup,3.435862e-25,3.1138663e-24,8.212407e-25,-4.9443896e-24,1.9303906e-24,6.0200273e-25,-3.9655245e-24,1.5670884e-24,1.6719088e-24,-8.6449935e-26,3.601695e-24,-6.7168484e-25,-2.836668e-25,2.271854e-25,-6.3237307e-24,3.203217e-25
Morphling_hardsup,-8.36444e-25,1.0130045e-24,1.9545745e-25,-7.364305e-25,-1.8598451e-25,-2.3635515e-25,-3.0579524e-24,1.1540576e-23,-1.283805e-25,2.5270418e-24,-2.9948118e-26,-1.3053662e-24,2.8005359e-24,1.9439158e-24,-5.209168e-25,3.701778e-25
Morphling_carry,0.0004800998,0.0010586238,-0.0024034197,0.002899156,-0.0044850702,-0.0017874796,-0.0038751527,0.0029107966,0.0037078648,0.0036931615,0.0006221808,0.0021526667,0.0024471264,-0.007054972,0.0011094097,-0.005548076
Shadow Fiend_mid,0.0011942763,5.9417012e-05,-0.002018599,-5.875116e-05,0.00018401988,0.0004299803,-0.00089047477,0.0018120715,0.0012141888,-0.0011560717,-0.0007949755,0.00027660513,-0.0018680193,-0.0003379114,-9.831719e-05,0.003513374
Shadow Fiend_offlane,1.2438396e-24,-1.6401391e-24,4.4549884e-25,5.899626e-25,-9.620802e-25,1.0155728e-23,9.236402e-24,7.496651e-25,1.5069286e-24,1.825585e-25,1.4357147e-24,-1.711438e-24,-5.1632942e-24,-1.3613057e-25,-2.2872608e-24,1.9936093e-24
Shadow Fiend_softsup,5.1830025e-25,2.211149e-24,-6.082921e-25,-1.0331024e-24,3.1045325e-24,-1.8596739e-25,8.336593e-26,7.9826146e-25,-6.0806454e-25,1.5920064e-25,-1.1859025e-25,-1.8637766e-24,2.0698464e-24,5.431967e-24,-6.413797e-25,2.0963484e-24
Shadow Fiend_hardsup,7.993932e-26,5.8987764e-26,6.004579e-24,-4.4146763e-24,1.6610921e-26,-5.507405e-24,7.5446105e-25,-2.225577e-24,-3.6585998e-25,-5.854033e-25,5.42899e-25,8.25061e-26,-6.3684394e-24,-3.0880812e-24,-3.387183e-25,3.1402053e-25
Shadow Fiend_carry,0.0017169735,-0.0021031173,-0.0015347567,0.0011195216,0.0010937547,0.0019994606,-0.00027913036,-0.00031512184,0.0020273896,-0.0016945282,-0.0012170043,0.0019704401,-0.0038984257,-0.00039583351,0.00044238876,0.004004079
Phantom Lancer_mid,-9.27234e-25,2.1774872e-24,6.819319e-25,-2.4251077e-24,5.9495357e-24,-1.5946498e-24,1.1431648e-24,2.2874383e-24,-1.6942732e-23,-7.059066e-24,2.6271577e-24,-7.8314393e-25,2.0661941e-24,2.8410735e-24,4.373969e-24,4.488402e-24
Phantom Lancer_offlane,-1.2096327e-24,-8.646089e-25,-9.510735e-24,1.0176986e-25,-7.878858e-25,-4.557207e-25,1.8471454e-25,-7.034371e-26,1.7316108e-25,2.1399945e-24,6.1649894e-25,1.6480381e-24,2.2539959e-24,5.436951e-24,-1.1017874e-24,3.4998082e-24
Phantom Lancer_softsup,-1.6227753e-24,-3.3056388e-25,-1.4879255e-25,4.158557e-24,3.387328e-24,-7.558483e-26,8.1127353e-25,4.0459931e-25,-3.2000956e-25,3.1156702e-25,-2.9675222e-25,-2.181201e-25,5.7811395e-25,-2.4251517e-25,9.442892e-26,1.6949714e-24
Phantom Lancer_hardsup,3.7363845e-24,6.5471866e-25,-1.095507e-24,-5.6448623e-25,-2.0647414e-25,2.202999e-25,1.5602294e-24,1.284772e-24,3.6597525e-26,-2.8024783e-24,7.046841e-25,-5.811759e-25,4.1349387e-25,6.7224064e-25,3.7674786e-24,1.6455204e-24
Phantom Lancer_carry,-0.002344882,-0.006261592,-0.008724397,0.00587768,-0.006327539,0.0031323181,0.0012433515,0.005447928,0.011693671,0.004625287,-0.01562334,-0.007023088,-0.0053929016,-0.008339449,0.0073858495,0.0025309506
Puck_mid,0.0017801542,0.003405558,-0.008193291,-0.004902355,-0.003226858,-0.004099683,-0.0035521742,0.003924119,0.00578487,0.008982147,0.006607374,0.008748496,0.0040063625,-0.004816822,-0.0029443759,0.0099681895
Puck_offlane,-1.5346601e-24,4.1635976e-24,-6.246439e-24,-8.595608e-25,-1.0441683e-24,-3.7409626e-24,1.3278844e-25,-5.081566e-25,-1.0979169e-25,4.3936764e-24,4.1618783e-24,2.561573e-25,2.5976347e-24,3.7392685e-24,-2.163313e-26,-1.5902627e-24
Puck_softsup,3.5321247e-24,-2.685572e-24,-7.272289e-24,-2.5258944e-24,1.6192585e-25,-5.0716262e-24,-4.6362073e-24,3.3606707e-25,1.67012e-24,4.037114e-24,-8.254994e-25,1.2504939e-25,5.100352e-24,-4.6585384e-24,2.5900583e-24,-3.3074458e-25
Puck_hardsup,2.502538e-25,2.0352301e-25,5.1129148e-24,2.9074242e-24,9.870626e-24,-8.9791915e-25,7.303595e-25,2.302226e-25,5.783299e-25,-9.106827e-26,-7.874327e-25,1.9599064e-24,2.9355832e-25,-1.0803789e-24,-2.4507498e-24,-5.0790834e-25
Puck_carry,1.6175043e-24,1.9530068e-24,1.6687883e-24,-9.690803e-25,1.4382296e-24,-1.8303606e-24,-3.9575325e-24,-1.4265139e-24,-1.1068496e-24,-1.0750592e-24,-2.812536e-24,-1.0660261e-24,-7.1897414e-25,-4.770601e-24,-7.5078737e-25,9.745711e-25
Pudge_mid,-1.0733596e-25,4.429108e-25,1.4455818e-23,-1.6553054e-25,-3.084927e-26,-4.776469e-26,-2.5312965e-24,3.263657e-24,1.8492842e-24,-2.282335e-24,-4.852181e-25,-1.22574186e-23,-8.612909e-25,4.6042427e-24,-1.6642224e-24,3.63494e-24
Pudge_offlane,2.8039702e-24,2.3715758e-24,-2.6998715e-25,1.492302e-24,3.0126042e-24,-1.2523931e-26,1.7409478e-24,7.133831e-25,3.8870825e-24,-1.03375686e-25,-6.32471e-25,4.2797696e-25,6.5692964e-25,5.8135033e-24,-1.4530702e-24,1.2171895e-24
Pudge_softsup,-0.00012732872,-0.011449057,-0.0060013854,0.007126426,-0.005743693,0.0054403655,-0.0010156545,0.00037020852,0.0058797156,0.00913885,-0.009400589,-0.0032761218,-0.0069852336,-0.0048885094,0.008908242,0.009428448
Pudge_hardsup,-1.144307e-24,-2.3340891e-24,-6.1342625e-24,3.442042e-24,3.4716851e-25,2.903788e-24,-4.4480277e-24,-6.709083e-26,6.948982e-24,1.5868489e-24,-2.6694257e-25,-5.1971923e-24,1.3513427e-24,-2.3954703e-25,7.6112623e-25,1.6136599e-24
Pudge_carry,-5.275579e-25,-4.384901e-25,-1.4669573e-24,3.5667394e-25,-1.4667491e-24,-2.3914815e-24,-6.66052e-24,1.2809488e-24,-2.0367827e-25,-5.2528433e-24,1.3426235e-25,2.3430922e-24,-3.2903305e-25,1.9662342e-24,1.3339565e-24,-8.6309457e-26
Razor_mid,-0.0010800884,0.00550995,-0.00043666322,-0.0012025567,-0.00016895068,-0.0022617234,-0.0026605234,0.007050551,-0.0011395026,0.0027509562,0.0034071757,0.0033620547,0.0011606661,-0.0020569821,-0.0016993603,0.0005594727
Razor_offlane,-0.0011262817,0.0061508464,-0.0027915,-0.0014385461,-0.0023531818,-0.0034530526,-0.003906744,0.009129174,0.0015086682,0.0053239544,0.0010188512,0.0030420313,0.0016269329,-0.004854161,-0.00076808955,0.0007718167
Razor_softsup,-3.827867e-24,-5.9791057e-25,3.05134e-24,-5.6368174e-25,-1.4571697e-24,3.9465267e-24,1.4027973e-23,1.3017964e-24,-1.2230776e-25,-1.4850721e-24,-1.7528164e-24,1.0932976e-24,-5.1240243e-25,-1.19683265e-26,1.1551361e-24,-3.3359464e-24
Razor_hardsup,6.4113097e-25,4.713096e-24,3.4537617e-25,2.0468909e-25,-1.2591682e-24,-5.0472334e-24,-1.926943e-24,-6.2922307e-26,-8.05949e-25,2.7892605e-24,4.686605e-25,-4.729584e-25,1.869611e-25,9.377956e-24,1.946098e-24,1.923665e-24
Razor_carry,2.3951931e-24,8.2129896e-25,-1.919474e-24,-1.9036751e-25,4.258992e-25,3.3471317e-24,5.704668e-24,2.8307775e-24,1.4419517e-24,-2.9116537e-24,-8.696156e-27,-3.562266e-24,5.5418144e-25,3.6241848e-25,-9.5820504e-24,-1.1765935e-24
Sand King_mid,1.2568795e-24,5.420571e-25,-1.8014958e-24,-3.3266301e-25,-4.0598697e-25,-2.0336964e-24,7.522967e-26,-2.3923422e-24,7.03799e-25,-1.4042207e-25,-5.6467508e-24,9.584879e-25,2.1606092e-25,3.4655567e-25,1.7755612e-24,-1.3889737e-24
Sand King_offlane,-0.0018956204,0.0011517016,0.0018415207,0.0005769443,0.0042660674,-0.0015535792,0.0006019967,0.0028968772,0.0039930553,0.0005548459,0.00042638183,0.0028191153,-0.001003788,-0.00026284577,-0.0012539651,0.001544747
Sand King_softsup,-1.0061907e-24,1.3100911e-24,1.2996374e-24,-1.0578587e-24,-2.086171e-24,-3.42889e-24,4.887901e-25,2.2345296e-24,4.93235e-25,-2.5077123e-24,2.4368986e-24,3.2273004e-24,-1.3721979e-25,-1.868028e-24,-5.6103164e-24,3.8353402e-25
Sand King_hardsup,1.8944293e-24,1.1377005e-24,-2.5069686e-25,-3.5722765e-24,-1.9008665e-24,-2.7890015e-25,5.6272377e-25,-3.5214593e-24,8.11103e-25,-2.401579e-25,-2.5935124e-24,9.705109e-25,-2.7237856e-24,-3.2261403e-24,5.855213e-25,-8.904772e-24
Sand King_carry,-4.136532e-24,7.598837e-24,3.4033495e-24,-1.9488998e-25,-1.8773687e-24,-2.815847e-24,1.677649e-24,-2.2037569e-27,7.886193e-25,-1.9435653e-24,-3.0115988e-25,9.076094e-25,-3.2684716e-24,4.020263e-24,2.5459744e-24,-5.399469e-25
Storm Spirit_mid,0.002807342,0.005191639,-0.010061025,-0.0039033566,-0.009103938,-0.00598331,-0.0036779353,0.012398565,0.006594032,0.0050553903,-0.003978888,-0.003266011,0.0025739726,-0.007768006,-0.009260092,0.005279857
Storm Spirit_offlane,-3.12275e-24,-5.5388113e-25,2.3113169e-24,6.3293012e-24,3.9236876e-25,-1.0470714e-24,-9.864968e-25,5.142747e-25,1.0954275e-25,3.5624337e-25,-2.3057229e-24,1.1504953e-24,7.676504e-25,-1.8570326e-24,5.4472258e-24,4.110377e-26
Storm Spirit_softsup,-1.5761263e-24,-6.494987e-24,4.252066e-24,1.1591269e-24,-5.6489584e-24,-8.0593383e-25,-8.0593097e-25,1.9462333e-26,-3.7373656e-25,-6.3273855e-24,-8.698283e-25,2.652946e-24,2.069487e-24,4.6680544e-24,6.5241016e-25,2.1987873e-24
Storm Spirit_hardsup,-8.1541544e-25,-3.2624599e-24,5.7491986e-24,-1.6292629e-24,-1.1675017e-24,1.6356821e-24,2.5841932e-24,4.4583354e-24,4.3376187e-25,4.5741472e-24,5.07415e-25,8.87292e-25,-3.2385225e-24,-4.4059542e-24,2.8059993e-24,-4.2749985e-25
Storm Spirit_carry,2.4649744e-24,1.3050559e-24,6.151285e-25,-5.6042533e-24,3.460572e-25,2.7611744e-25,3.2823378e-25,-1.3885948e-25,7.199549e-25,-3.7819279e-25,2.354235e-25,1.9227226e-24,-7.2360387e-26,2.9154564e-25,9.495381e-25,-2.1181164e-24
Sven_mid,-6.89671e-25,-3.3506678e-24,1.3843429e-25,-1.7432268e-24,-1.4792747e-25,-4.0652036e-25,-3.4270642e-25,-4.8133808e-24,-3.0133997e-24,-2.6129061e-24,-1.0042372e-24,-2.1741912e-24,-1.051669e-24,2.0445654e-24,2.9435777e-24,1.5793788e-24
Sven_offlane,-7.212008e-25,-3.2328575e-24,2.7325377e-24,2.01061e-24,-9.654883e-25,-6.7344735e-26,-1.4119752e-25,3.1437488e-26,5.2590663e-24,3.029846e-25,1.2594438e-24,8.172307e-25,-2.8350182e-26,3.501229e-24,-2.8175893e-26,3.2238988e-25
Sven_softsup,4.7934364e-25,-2.8163837e-24,3.5027278e-24,3.1946022e-25,3.8309653e-24,3.46919e-24,-3.6524926e-24,-6.2845077e-25,-3.1665715e-24,1.2190928e-24,-1.7225322e-24,-1.2394953e-24,6.908414e-25,4.5310025e-24,-9.339044e-24,-3.1735502e-25
Sven_hardsup,-5.760282e-25,-2.3430056e-25,-2.6626357e-24,2.7475071e-25,4.839522e-24,2.4820315e-25,-2.7741789e-24,2.0136429e-25,-1.6741632e-24,-2.5547556e-24,-7.5975036e-25,3.0995563e-25,1.7072958e-24,1.5562802e-24,-5.7871497e-25,2.7767371e-24
Sven_carry,0.00020653896,0.008248276,0.005506466,-0.0029048454,0.0032304726,-0.0002670671,-0.0009902332,-0.0018089819,-0.0058729616,-0.007719343,0.0059766825,0.0020268597,0.0012705625,0.0057949605,-0.009956845,-0.006783865
Tiny_mid,0.0017039014,-0.0013600532,-0.0049375477,-0.00026287342,-0.0019696874,-0.0013531467,-0.0011379072,-0.00079916895,0.00069546653,0.005430787,0.0033696173,0.0017347854,-0.0011466284,-0.0002682534,-0.00026512763,0.004565806
Tiny_offlane,-7.3513543e-25,2.4127856e-25,6.1695076e-24,1.8750735e-24,6.025205e-24,4.7789237e-24,-4.6166033e-25,-1.3420218e-24,3.9019033e-24,-7.0819746e-25,1.3983591e-24,5.416003e-24,-3.7636011e-25,-5.6295767e-25,-9.028803e-25,-9.859314e-25
Tiny_softsup,0.0017239379,-0.001586494,-0.0049496694,-0.00012977282,-0.0019794405,-0.0011593314,-0.001216868,-0.0008529355,0.0007929632,0.0053730328,0.003333306,0.001755151,-0.00117589,-0.00034467608,-0.00016564579,0.0046991054
Tiny_hardsup,5.3692033e-25,-3.6306517e-25,2.4453473e-25,3.9109136e-24,1.8144073e-24,-5.801912e-25,-2.4707656e-25,-1.3064486e-24,-7.5584787e-25,-2.5394178e-24,1.0213726e-25,2.0837357e-24,-1.8916232e-24,-8.621245e-25,4.0304754e-24,2.5903936e-24
Tiny_carry,-3.6239063e-24,-1.0494434e-24,1.8596247e-25,-4.4337454e-25,-1.4335583e-24,4.8905313e-24,-7.9698716e-26,-6.425047e-24,7.359533e-25,-4.2914727e-24,-7.540473e-25,6.916264e-25,-4.5627734e-25,-7.8250747e-25,5.380256e-25,-4.8539467e-24
Vengeful Spirit_mid,4.346718e-24,-2.4046951e-24,3.767212e-24,2.3509583e-25,2.7868513e-24,-8.821379e-25,2.2803543e-24,5.5091032e-24,-7.217036e-24,-6.056932e-25,9.12857e-25,5.0831544e-25,9.255312e-25,7.911701e-25,1.7420307e-24,1.3128154e-24
Vengeful Spirit_offlane,-0.0022587231,0.0046745664,0.0004864498,-0.0036570958,0.00058237993,-0.0023075473,0.00011842826,0.005854848,0.0015226952,-0.0005153141,-0.0014984141,-0.0005338346,0.001247531,0.0013935117,-0.005833247,0.0014475656
Vengeful Spirit_softsup,-0.005369356,0.006921237,0.002361167,-0.0043746987,0.0013415859,-0.002862294,0.00024110504,0.010044815,0.0013201423,-0.0015863121,-0.002201988,0.00088766724,0.0023439554,0.0029449058,-0.007757438,0.00024437593
Vengeful Spirit_hardsup,-0.0050001633,0.006667569,0.0021110957,-0.004289469,0.0012387014,-0.0027902748,0.00021843986,0.009563969,0.0013628996,-0.0014494784,-0.0021534243,0.00067195616,0.0022065123,0.0027610678,-0.0075614154,0.00042053335
Vengeful Spirit_carry,-2.0691343e-25,7.348972e-25,2.0341504e-24,-3.0848252e-24,2.054856e-24,1.6422485e-24,-1.0232947e-24,1.9231783e-25,9.223458e-25,4.2911876e-24,3.6672903e-25,-1.8439777e-24,-5.951268e-25,3.9838131e-25,-3.0164828e-24,-7.6332143e-25
Windranger_mid,-1.2829681e-24,-2.1124113e-24,-2.1700704e-24,-1.0600334e-24,-2.690963e-25,1.8265558e-24,-3.8223498e-24,-1.6600589e-25,3.1230421e-24,9.239893e-25,-1.2584879e-24,-5.8385035e-25,4.91047e-24,-5.7836777e-25,-2.3723014e-24,-5.926849e-25
Windranger_offlane,-0.0016361274,0.0014646383,-0.00021914512,-0.0014807358,0.0021270204,-0.00033384032,0.00066603033,0.002270728,-0.0028885396,0.00032714527,0.0016104343,-0.0034111924,0.0004647341,0.002461972,-0.004068245,0.00024130422
Windranger_softsup,-0.00087424874,0.002650802,-0.0010658462,-0.0009014781,0.0008157516,-0.0003460067,0.0013438112,0.0014241445,-0.0022976333,-0.0011844088,0.0016499418,-0.00365585,0.00044481442,0.002038048,-0.0035642784,0.002089785
Windranger_hardsup,-1.8304418e-25,-1.7345383e-24,4.5955555e-25,-1.7946748e-25,-2.899971e-26,-5.1524773e-24,1.2430913e-24,4.1083943e-24,-2.3387198e-24,2.1635496e-26,4.313768e-24,-6.9746713e-25,2.5607245e-24,2.0827373e-24,8.069961e-26,-8.75572e-25
Windranger_carry,-7.6449477e-25,7.432739e-25,6.211448e-25,-2.3199961e-24,-1.2988905e-24,3.854677e-25,-1.6303889e-24,1.501977e-24,7.96354e-26,8.093257e-26,1.2784245e-24,2.5962724e-25,7.879631e-25,5.4945606e-24,3.192157e-24,-1.2360474e-24
Zeus_mid,0.007465653,-0.011576125,-0.0040298025,0.003214534,-0.0031612664,0.0038054874,0.0011248854,-0.01229923,-0.0010115565,0.005741274,0.0021180878,-0.0069702826,-0.003023665,-0.002016802,0.0062250476,0.005507502
Zeus_offlane,1.4103664e-25,4.064475e-24,-1.1424059e-24,-5.794223e-25,9.844392e-25,-2.5664686e-24,-3.4069652e-24,-2.4969972e-25,3.800399e-24,-3.5866434e-25,-3.5150707e-24,-2.9139176e-25,-7.857237e-26,4.4352896e-25,2.0079076e-24,3.49175e-24
Zeus_softsup,-3.6282577e-24,-1.4602886e-25,-4.196267e-24,1.2086825e-24,7.00445e-25,3.8471425e-25,6.52154e-25,-1.991292e-26,1.9500407e-24,5.23047e-25,3.5056064e-24,1.3072703e-24,6.8737916e-24,-9.076392e-25,2.1038634e-25,1.620867e-24
Zeus_hardsup,0.008178736,-0.011704494,-0.0036156157,0.0032252718,-0.0023874948,0.003781762,0.0012157917,-0.013659768,-0.0020710023,0.005100876,0.0028790254,-0.0075111417,-0.002771569,-0.0017877205,0.006411737,0.0046437625
Zeus_carry,2.0674975e-24,-6.83666e-24,-1.6055193e-24,-5.920749e-25,2.057888e-24,-2.232889e-24,2.3678185e-24,1.1977649e-24,-2.3680845e-24,-2.2871608e-24,2.1772314e-25,8.333464e-25,2.5332693e-25,-5.407953e-25,4.9385355e-24,1.767718e-25
Kunkka_mid,0.007266935,-0.006657355,-0.00011905783,0.0019620215,-0.0010474416,0.0019140777,-0.0013958109,-0.0027189883,0.0015147881,0.0022833548,0.0050484417,0.0040891934,-0.0039244196,-0.0021106338,0.0043854085,0.0030149266
Kunkka_offlane,5.6679356e-24,-1.6726758e-24,5.583214e-24,-1.731442e-24,-3.3525975e-25,2.1973778e-24,5.595246e-25,3.7007824e-24,-8.904116e-25,4.7194637e-24,-1.8433271e-24,-6.758029e-25,-5.129126e-24,8.860653e-25,1.1542154e-25,-1.6360772e-24
Kunkka_softsup,1.3269985e-24,6.655952e-25,-2.6205636e-24,-1.903686e-24,2.1810355e-24,2.614425e-24,-1.1451789e-24,-6.0209276e-25,-8.687479e-25,-3.4476992e-24,8.444079e-24,2.9438058e-24,-1.0468795e-23,-6.845516e-25,2.9554832e-25,2.2224176e-24
Kunkka_hardsup,-5.9668724e-25,3.6926207e-25,8.294737e-26,-7.6808975e-25,-1.9144534e-24,3.3082627e-25,-4.897096e-25,1.7176245e-24,-3.688121e-24,1.5320379e-25,5.2979153e-24,2.0489694e-24,-1.02998594e-23,-2.3654046e-24,1.3998103e-24,2.1113969e-24
Kunkka_carry,0.007442562,-0.0081245825,-0.0015434282,0.0036340456,-0.0013144633,0.0040394184,-0.00082371634,-0.0072726696,0.00086323323,0.003247531,0.0041821604,0.0014440913,-0.00466825,-0.0025082713,0.005952877,0.0038448612
Lina_mid,0.001346422,-0.013255572,-0.017503807,0.0038842189,-0.011988751,0.0018844284,-0.000113920105,0.0029838632,0.009821311,0.019242369,-0.011395746,-0.007010018,-0.0023062378,-0.011179081,0.010349298,0.017016394
Lina_offlane,7.813453e-26,-2.5231292e-24,5.7042855e-24,-1.0088902e-24,-3.962569e-24,-2.2275716e-24,-3.451699e-24,1.1306691e-24,-1.8714425e-24,-8.462996e-25,-3.2056223e-25,-5.2281705e-24,4.9993468e-26,-2.0728034e-24,-3.823135e-25,8.884613e-25
Lina_softsup,1.2314407e-24,-3.4609907e-24,-3.0200711e-24,-1.1523637e-24,4.8119805e-25,1.7679746e-24,1.0980708e-25,-2.576202e-24,5.7472726e-24,1.8500439e-24,5.68016e-24,5.0041184e-25,-1.8013891e-24,-1.8964682e-24,-6.7573214e-25,2.2220677e-24
Lina_hardsup,1.6945415e-24,-4.775609e-24,1.540117e-24,2.2633047e-24,-2.5326237e-24,-1.0449201e-24,-3.20808e-24,3.264344e-25,5.1116207e-24,-4.310986e-24,3.2744744e-24,7.4534714e-25,-3.5115697e-24,1.2470305e-24,-1.794233e-24,6.836666e-25
Lina_carry,-7.579569e-25,2.8263942e-24,-6.700891e-24,-5.731547e-25,1.0994151e-24,-2.2465047e-24,1.4334435e-24,-2.0644317e-25,-1.686237e-25,1.9524641e-25,1.3394378e-24,-3.3713825e-25,-3.5138267e-24,-5.5422897e-25,3.6856583e-24,2.0098644e-24
Lion_mid,-4.9608267e-25,-3.1200672e-24,2.5692115e-25,-3.0279538e-24,1.1055986e-24,2.567679e-24,8.900153e-25,5.3855716e-25,-3.5819282e-25,2.1324898e-24,3.1614473e-25,-3.7789202e-24,-6.959455e-25,-5.2135413e-25,7.2519125e-25,3.9378817e-25
Lion_offlane,9.464463e-24,3.2913521e-24,-1.5555308e-24,-1.0240598e-24,6.287301e-24,-1.0409838e-24,-1.2880078e-24,1.6027261e-24,1.8614469e-24,3.39799e-24,9.517242e-25,-1.1531788e-24,-7.318043e-24,6.435113e-25,3.6565963e-24,2.9352311e-24
Lion_softsup,0.004660559,-0.003070778,0.0053828754,0.00040420447,0.0043260325,0.0013918381,0.0003316318,-0.0077056224,-0.011160753,-0.0015578724,0.011901344,0.00036495173,2.8550297e-05,0.002618549,0.0037034864,4.0929008e-05
Lion_hardsup,0.001026995,0.00094322837,0.009418593,0.0006638566,0.0056270175,0.001773637,0.0005278388,-0.0069535105,-0.013522706,-0.0072720097,0.012326482,0.0021683408,0.0008778866,0.004150423,0.0022715938,-0.0040959637
Lion_carry,5.5705496e-24,-2.3661649e-26,4.2948633e-24,-4.4132626e-26,9.125162e-25,2.300556e-25,2.8841573e-25,2.2764175e-24,3.860498e-26,2.9997272e-24,-1.3412509e-24,-1.4564817e-24,-1.948311e-24,2.8401263e-25,-7.01422e-25,-2.244606e-24
Shadow Shaman_mid,-1.1201791e-24,2.4268641e-24,6.489587e-25,3.0968954e-25,-2.6980001e-24,-4.353033e-27,-7.33077e-25,3.0361643e-24,1.5266283e-24,-8.465847e-24,-1.3173733e-24,1.03534775e-23,2.0192201e-25,-1.062031e-24,2.5622837e-24,-5.4718295e-24
Shadow Shaman_offlane,8.724316e-25,2.3075645e-24,2.7060584e-24,3.2454347e-24,2.8186572e-24,3.5332126e-25,-1.6474918e-24,-1.2006944e-24,4.783914e-25,-2.5869772e-24,1.0121774e-24,-2.5618608e-25,2.721298e-25,4.0473037e-24,-2.4603694e-25,-1.9750091e-24
Shadow Shaman_softsup,0.001558474,-0.008441048,-0.0071775625,0.0035679562,-0.0042089988,0.0017202294,0.00043030106,-0.0017422186,0.0037593346,0.0085844975,-0.0036288276,-0.0042562075,-0.0026675921,-0.0042077852,0.007484102,0.009109455
Shadow Shaman_hardsup,0.0010937254,-0.009523947,-0.008970013,0.0040297434,-0.003725115,0.0029224397,0.001587208,-0.0019353454,0.004807038,0.009782796,-0.006141611,-0.0058565307,-0.0042237756,-0.0041459077,0.00909539,0.011695946
Shadow Shaman_carry,-8.462113e-25,2.257031e-24,6.413189e-24,-8.876121e-25,3.0049556e-24,-1.9144463e-24,-6.0918466e-24,-7.874214e-24,-1.4707363e-24,-1.9031534e-24,-5.230669e-25,2.3945468e-25,-3.1479329e-24,-4.6662767e-24,2.9795994e-24,7.5363284e-25
Slardar_mid,-4.0852314e-24,-4.848577e-25,-1.6451523e-24,-3.8524436e-24,4.9378784e-24,3.0006518e-24,5.183744e-25,-1.9830139e-24,3.7397115e-24,-5.287858e-25,-2.9016385e-24,1.5073804e-24,-2.7497103e-25,-2.1834404e-24,1.1391765e-24,5.0830694e-24
Slardar_offlane,-0.004806477,0.0093469545,0.009158556,-0.0022565266,0.004591578,-3.570704e-05,0.00027239858,0.0019075377,-0.010709765,-0.012578956,0.00023061282,-0.0006887356,0.005190362,0.008197628,-0.012136049,-0.0117388265
Slardar_softsup,-1.7929235e-24,1.3591526e-24,5.771894e-25,2.7879534e-24,1.605754e-24,5.212457e-24,2.094464e-25,-4.951923e-25,-1.1711804e-25,7.8334667e-25,1.4101669e-24,-8.208283e-24,1.548707e-25,-2.9840532e-25,-1.0157831e-24,-5.7782432e-24
Slardar_hardsup,1.9781251e-24,4.60537e-26,2.6336222e-24,1.0636144e-24,9.110914e-25,-4.152652e-25,7.7477635e-24,4.0412906e-24,5.813268e-25,-4.6782607e-26,1.9583053e-25,1.6519624e-24,9.433108e-25,-4.225994e-24,2.1669386e-24,1.1709413e-23
Slardar_carry,-1.0768519e-24,-1.2933944e-24,-8.998219e-25,-1.4878648e-24,2.0581397e-24,1.5920998e-24,-2.525709e-24,-6.5106584e-24,4.230198e-24,-4.77699e-24,-1.2134089e-24,-1.3624868e-24,-1.4037142e-24,-2.7152667e-24,-4.074646e-24,-1.1645942e-24
Tidehunter_mid,-0.0035192762,0.001936788,0.002644236,-0.0031733483,0.004454486,-0.004703005,0.002098234,0.003028513,-0.0007994296,0.002383016,0.0061969366,0.004371025,0.005152162,0.0021826932,-0.00053408544,0.00083472324
Tidehunter_offlane,0.00011665593,-0.002240913,-0.0067473007,0.0006487478,-0.0017264234,-0.0014674505,-0.0004752406,0.0024831055,0.0017878256,0.010710632,0.0025638896,0.0018820763,0.0021216641,-0.0033593029,0.0012768836,0.010149186
Tidehunter_softsup,1.8180885e-24,8.597498e-25,7.322328e-25,-5.0257106e-25,-3.752892e-24,1.0184616e-24,1.9979263e-24,4.8797604e-25,7.1449716e-25,4.950044e-24,9.993202e-25,2.0219025e-25,4.2297357e-24,-1.0939233e-25,-4.8485943e-24,-8.5734685e-26
Tidehunter_hardsup,-8.915078e-25,1.3052837e-24,7.572766e-25,8.2355e-25,4.287052e-24,1.969174e-24,2.4135574e-24,-1.1894916e-24,8.1906576e-24,6.1932617e-25,3.0488974e-25,1.2646105e-25,5.882493e-24,5.7440942e-24,1.5160868e-24,1.5483471e-24
Tidehunter_carry,-4.85359e-27,-7.492315e-26,-2.1903585e-24,-7.728056e-26,2.8695478e-24,1.968127e-24,-2.7376684e-24,2.647261e-25,-2.5292227e-25,-2.7127937e-24,3.4291586e-24,-1.482714e-24,-7.810095e-26,1.1836596e-24,1.759223e-24,3.4776255e-24
Witch Doctor_mid,7.9684063e-25,4.7399007e-24,-2.0744123e-24,-2.285319e-24,-9.819753e-25,-2.3434484e-24,-8.157304e-24,3.688678e-25,1.4505069e-24,4.9230908e-24,-1.3950367e-24,1.5909834e-24,2.969575e-24,-8.604741e-25,6.452091e-26,3.215319e-24
Witch Doctor_offlane,-1.298258e-25,8.7851495e-26,3.365296e-25,-2.3686614e-24,-1.9423065e-24,-1.1850193e-24,-6.662252e-25,-2.069975e-24,1.0369981e-24,-3.9771255e-24,8.497402e-25,-1.6038879e-24,2.6504886e-25,1.1162704e-24,4.0153395e-25,-9.180628e-25
Witch Doctor_softsup,4.4927755e-24,-7.646182e-25,-5.3548837e-24,1.2822853e-24,2.3096368e-27,-2.7583839e-24,8.937739e-24,-1.259271e-26,4.0419344e-25,4.967693e-24,-3.3901222e-24,-1.2059159e-25,3.456617e-25,5.165702e-24,5.743789e-26,1.6360896e-24
Witch Doctor_hardsup,0.0037794237,-0.0022410594,-0.010998525,0.0019426193,-0.008758372,0.0016267439,-0.0023331412,0.003033188,0.008936753,0.005643051,-0.010804746,-0.00844049,-0.0041289465,-0.009176982,-0.00015418512,0.0016495391
Witch Doctor_carry,2.1891454e-24,4.3088088e-24,-3.978476e-24,-2.2311564e-24,-3.0340955e-24,-1.9933705e-25,-6.1167225e-24,2.936656e-24,1.1728567e-24,-2.4076607e-25,-2.577899e-25,1.4499826e-25,6.80786e-25,-2.9366378e-25,-3.4534725e-24,1.7261432e-24
Lich_mid,-4.0660277e-25,9.639049e-25,6.81858e-24,3.8289553e-24,1.377873e-24,1.2618364e-24,2.1427077e-25,-2.8352107e-25,7.2953906e-25,2.669759e-24,4.2279174e-24,-2.2506517e-25,-4.49539e-24,-2.4696115e-24,6.4795773e-25,-2.0083436e-24
Lich_offlane,1.3376969e-24,3.95608e-25,-5.7988246e-24,2.737448e-24,3.6296658e-24,1.2027313e-24,-7.4040315e-24,1.1612294e-24,3.526609e-24,3.9574596e-24,-5.539401e-26,-8.984019e-25,-2.2743949e-24,1.5636068e-24,-5.195378e-25,-6.127755e-25
Lich_softsup,-4.645264e-26,-4.3750226e-24,2.7474603e-24,3.2127978e-25,-2.5664396e-24,-2.8969122e-25,3.9404793e-24,-1.2492479e-23,6.4147437e-25,-9.255067e-25,-1.4679587e-25,1.6360197e-24,2.692285e-24,3.76969e-24,2.8874634e-24,-4.401347e-25
Lich_hardsup,-0.0041756597,0.015715182,0.004084213,-0.0040234397,0.0003550374,-0.009304609,-0.004118323,0.010712842,-0.0035249596,-0.0062686326,0.0076473644,0.004343437,0.0068805725,-0.00074744807,-0.0106658675,-0.009340099
Lich_carry,7.171372e-26,-2.4271856e-24,-2.197283e-24,-3.5696567e-24,-1.3389297e-25,2.7668178e-24,1.8567273e-24,-1.1986732e-24,-2.6694932e-25,6.076615e-26,4.385384e-24,6.091775e-25,-3.535564e-24,1.4318131e-24,-4.4230484e-24,-1.641994e-25
Riki_mid,0.0044088713,-0.0005148279,-0.0031234357,-0.0023946564,-0.0029464345,-0.0027069927,0.0018934826,-0.003406659,0.0033553834,0.0011023836,0.0006385258,-0.004955493,-0.00070026156,-0.00034608008,-0.0019573509,0.0023403754
Riki_offlane,-0.0010119525,0.002018863,-0.002376146,-0.0019648822,-0.0030195825,-0.0022881276,0.0010779414,0.0030878338,0.0052351076,0.0006483312,-0.0036994657,-0.0031050984,-0.00034404773,-0.0009591183,-0.0040331557,0.0021661324
Riki_softsup,-1.852912e-24,7.3269125e-25,-2.9548446e-24,-3.0944982e-24,-7.06993e-24,4.668467e-24,-1.493789e-25,-2.0607487e-25,4.005276e-24,1.5751231e-24,-2.5685737e-24,-2.0248154e-24,6.06674e-25,4.1888627e-25,-3.5228438e-24,4.396108e-25
Riki_hardsup,1.7056509e-25,-2.834441e-25,2.820759e-24,1.6883481e-24,-1.1879299e-24,-8.022463e-25,-9.230644e-25,-1.0511299e-23,-1.2750609e-24,5.603733e-24,1.3896887e-24,3.2517142e-25,-6.2977073e-25,-3.5252068e-24,6.4515975e-24,-2.8394926e-24
Riki_carry,-1.7660158e-24,4.4082774e-24,-4.4035907e-25,-1.0566954e-24,4.0274983e-25,-1.7424224e-24,1.889129e-24,-1.556087e-25,1.8511047e-24,-3.784421e-24,-1.4133676e-24,1.145711e-25,2.8115562e-25,-8.751386e-26,-7.470475e-24,6.277059e-25
Enigma_mid,-2.6727322e-25,4.2300497e-26,-8.5876566e-24,3.9114706e-24,1.5658394e-24,2.141432e-24,-7.154628e-25,-4.977594e-26,-2.9241792e-26,-1.4505415e-24,-2.1054532e-24,1.5777115e-25,-1.7532284e-25,-1.83719e-24,-7.4283935e-25,1.8595248e-24
Enigma_offlane,-0.001516311,-0.0018299532,0.0048204395,0.0030736502,0.0064192996,0.0052726814,0.001350696,-0.008088462,-0.009550554,-0.0021555054,0.005073246,0.003588789,-0.0025653082,0.007895744,0.0026256167,-0.00047874358
Enigma_softsup,-4.6351487e-24,7.1485944e-24,1.0321914e-24,-4.517255e-25,1.0713106e-25,-4.6634104e-25,2.4914276e-24,-9.787938e-25,-5.2125598e-24,-4.3389918e-24,-4.7276544e-24,3.2173605e-24,2.9340984e-25,-6.310298e-25,-2.3373495e-24,7.636652e-25
Enigma_hardsup,3.9453793e-24,2.4415156e-25,-5.4047015e-25,8.942456e-25,-1.8011738e-24,1.6128488e-24,-5.027069e-25,-1.6703731e-24,4.618596e-24,-1.1138628e-23,3.242457e-25,1.1748076e-24,-2.0523782e-24,-7.354345e-25,-2.4079735e-24,-1.0109456e-23
Enigma_carry,2.6760988e-24,2.165512e-24,3.4977634e-25,5.021058e-24,-6.4590945e-27,2.522969e-24,-1.5699326e-24,9.513747e-25,-1.1104269e-25,7.547695e-25,-3.6742715e-25,8.049357e-24,2.7601606e-24,-2.9010082e-24,-5.5960073e-24,3.978261e-24
Tinker_mid,0.008152813,-0.0026838211,0.0012090013,0.0045505622,-0.0003645128,2.0594613e-05,-0.0016806284,-0.008384232,-0.0044902177,0.0027300727,0.010295988,0.0018428497,-0.00258068,-0.0029323068,0.0054097944,-0.0014413756
Tinker_offlane,2.0613858e-24,3.459641e-24,-2.5445044e-24,-1.7869827e-24,-1.5167468e-25,-8.268547e-24,-3.2272678e-24,3.6639197e-24,3.2254357e-24,-1.738264e-24,9.5825285e-24,-4.728324e-25,4.588141e-24,-1.1118746e-24,-1.4447133e-24,9.600043e-25
Tinker_softsup,4.506069e-25,-1.1780912e-24,8.246056e-24,-1.803378e-24,1.2827889e-25,7.4983334e-25,8.970956e-25,4.606427e-25,-6.889606e-25,1.9059678e-24,7.1864193e-26,1.5748609e-24,-2.892134e-24,6.488134e-24,8.398263e-25,-1.1326973e-24
Tinker_hardsup,-1.4603198e-24,2.6277006e-26,-8.411195e-25,-8.514282e-24,3.9050224e-24,9.560868e-25,-4.5804055e-25,4.738719e-25,3.1258085e-24,-7.893099e-24,4.130305e-24,3.1631374e-24,2.3410575e-24,-2.9260429e-24,-2.959156e-24,-3.374767e-24
Tinker_carry,2.8104799e-24,-1.673264e-24,-2.3089485e-25,1.926342e-24,8.672805e-25,9.328282e-25,-1.1418045e-24,-3.5954762e-25,-1.2958485e-24,-4.138315e-25,-4.7112394e-24,3.302643e-24,-4.767185e-28,1.986623e-26,-2.2165505e-25,-8.128708e-25
Sniper_mid,-0.0030109265,0.005197367,0.0013507315,-0.0032081422,-0.0033027339,-0.0025360999,0.0008805009,0.009481148,0.0067518614,-0.00249906,-0.0036518273,-0.0025127723,-0.00048055538,0.0009723048,-0.00989781,-0.0019047312
Sniper_offlane,-5.340845e-26,1.1982876e-25,-1.4425023e-24,-6.8406443e-25,-2.0273542e-24,4.669767e-24,-1.3923956e-25,2.847626e-24,-2.6455715e-25,6.7794543e-25,-4.072806e-24,-2.3275984e-24,3.1397595e-24,-3.260253e-24,5.4506194e-24,5.673655e-25
Sniper_softsup,0.0019508029,-0.00014823163,-0.0019244592,0.0008939087,-0.0046237665,0.0008147909,-0.00061604724,0.00019623282,0.005041836,0.0007119812,-0.0017460183,-0.004197586,-0.0023552622,-0.0027535364,-0.0027568883,-0.00065295
Sniper_hardsup,-2.952694e-25,-3.158435e-24,-6.8512915e-26,9.3327323e-26,-2.4327447e-24,-1.0492166e-25,7.1086e-24,-1.3193956e-24,1.9885902e-24,-5.4011673e-24,-2.3696662e-24,1.2407382e-24,2.0988782e-24,-1.1661554e-24,-3.3972196e-26,-1.6055449e-25
Sniper_carry,7.191418e-24,-3.1493828e-24,5.0734465e-25,1.6090849e-24,5.038829e-24,-4.223781e-25,1.8462552e-24,-3.6323605e-24,2.7206876e-24,2.3931264e-25,2.9741575e-25,-5.672841e-24,-4.5940153e-26,5.01681e-25,-3.1133153e-24,-1.1906195e-24
Necrophos_mid,-0.005586595,0.00814091,0.0021080198,-0.0037135473,0.004751435,-0.0009845584,0.0030779848,0.0071216347,-0.0012617805,-0.00657731,-0.004281611,-0.0029659667,0.0015801903,0.0058596605,-0.009491241,-0.0042058877
Necrophos_offlane,-0.000686282,0.0040812436,-0.0022316007,-0.0016536283,0.0013521926,-0.0012583728,0.0024362225,0.0039647254,0.0011561537,-0.00097065186,-0.0038277258,-0.0042507155,-0.0002828416,0.000774246,-0.004396045,0.00021938747
Necrophos_softsup,2.6566974e-24,-4.094188e-26,1.6544687e-24,7.13857e-26,-4.9676358e-24,1.9625382e-24,3.4965737e-25,3.0267208e-24,1.5301441e-25,1.1039742e-24,-7.61928e-25,2.4832935e-24,2.067545e-24,8.490814e-25,-5.587141e-25,7.7807274e-25
Necrophos_hardsup,-1.7810184e-24,2.001047e-24,-9.207559e-25,2.8848125e-24,-1.050163e-24,-6.835619e-24,-1.5747225e-24,5.3166898e-24,1.1871442e-24,-5.782946e-25,-6.377619e-24,-1.6080365e-24,1.8083295e-25,9.384471e-25,-3.550239e-25,-2.2394844e-25
Necrophos_carry,-0.00043477293,0.0038162465,-0.0024769744,-0.0014956964,0.0011381664,-0.0012132726,0.0023629388,0.0037883457,0.0012556035,-0.0006571583,-0.0038359636,-0.004243618,-0.0003925485,0.0004765257,-0.004118857,0.0004671513
Warlock_mid,1.405876e-25,-1.4606313e-24,-1.0553679e-24,4.7627566e-25,1.4805059e-24,5.534367e-26,-1.2411617e-25,5.3470672e-24,-1.759856e-24,-1.0688412e-24,3.5274984e-24,-4.1564273e-25,-6.0498437e-24,-1.9283715e-25,-1.377926e-24,-1.3143119e-24
Warlock_offlane,-3.4918313e-24,-2.1947836e-26,6.476553e-25,-1.9663604e-24,1.6063555e-25,-6.949959e-25,3.0757235e-24,-5.832506e-25,6.860112e-25,-1.4746752e-24,5.548886e-25,2.6375316e-24,1.1683894e-24,3.6193185e-25,2.2575774e-25,-3.712647e-25
Warlock_softsup,-2.8468314e-24,6.5428423e-24,-6.423657e-25,9.498418e-26,-5.1434397e-25,2.5182546e-24,7.839463e-24,-4.0347943e-26,1.533428e-25,1.1455513e-24,-5.614736e-24,2.9026455e-25,8.747783e-25,2.6652742e-24,-5.178766e-25,-1.4990469e-24
Warlock_hardsup,0.000629297,0.010856305,0.006910735,-0.00015657913,0.0036067592,-0.00070298894,-0.00058402115,0.0007974658,-0.0049375216,-0.01158184,0.0005749439,0.0004946531,0.0017384812,0.0037400199,-0.0054551144,-0.012208648
Warlock_carry,2.4732697e-25,-1.3094125e-25,-3.3382874e-24,2.0441955e-25,2.86658e-26,-7.800285e-24,1.3369212e-24,1.6039095e-25,7.7585985e-24,-7.287206e-24,2.0019901e-25,4.9442425e-24,5.748179e-25,1.4970131e-24,2.6834297e-25,4.4380156e-25
Beastmaster_mid,0.00059194374,-0.0014687419,0.0017820592,-8.3681094e-05,0.0029769097,0.001462914,0.0023342639,-0.004408818,-0.002248481,-0.00029714522,-0.0038197068,-0.0011607257,0.0019857788,-0.00027846824,0.007543478,-0.0033967197
Beastmaster_offlane,3.683192e-24,-1.4055129e-24,-6.2436743e-25,2.8280678e-25,-2.908284e-24,3.9427655e-24,-4.4429968e-25,1.9800204e-24,5.338048e-24,-1.587992e-24,3.683898e-25,-7.3963076e-25,-1.2888375e-25,3.0211458e-24,-1.2708424e-24,-4.0560388e-25
Beastmaster_softsup,1.6724044e-24,1.1329167e-25,-2.3380613e-24,-2.8530274e-25,-2.8357533e-25,2.0147074e-25,-2.0592841e-24,-2.168506e-24,-1.0739406e-24,-1.2054553e-24,-7.204887e-25,1.0130043e-24,-1.121476e-24,1.5151862e-24,-8.604282e-25,1.144876e-24
Beastmaster_hardsup,1.808251e-24,-3.0681355e-24,-1.1712533e-24,-3.622736e-24,1.5309502e-25,-3.361171e-24,1.2845399e-24,-7.470536e-25,-1.3652681e-24,-1.7900991e-24,4.97644e-25,1.8009044e-24,2.6129927e-24,3.7090598e-25,-6.3052173e-25,-3.5028217e-24
Beastmaster_carry,-8.57166e-07,-0.0012673738,-0.0026257948,-0.00039660287,-0.002517439,9.6314456e-05,-0.00019099115,0.0010721801,0.0005201822,0.00254482,-0.0019909125,-0.00027256593,0.0015733883,-0.0018279967,0.0007558027,0.00038432534
Queen of Pain_mid,5.1187216e-24,1.348526e-24,3.0044399e-25,-6.3920622e-24,1.0162137e-24,5.192242e-25,6.1073217e-26,4.1844145e-24,7.3660567e-25,-6.920292e-26,-3.40589e-24,-6.015955e-25,6.685925e-26,8.837831e-25,1.5410154e-24,-8.0724225e-25
Queen of Pain_offlane,-0.0010615254,-0.0067834677,-0.012481526,0.008232781,-0.014015878,0.0034862992,-0.0045586447,0.009123637,0.014655084,0.008073374,-0.018687177,-0.0025177973,-0.007031208,-0.013635869,0.0076680854,0.0060041025
Queen of Pain_softsup,-0.00058167987,-0.0064341975,-0.012535606,0.008804698,-0.014300995,0.0041898633,-0.0050989273,0.009373959,0.01472896,0.00731437,-0.019705785,-0.0022809037,-0.007856235,-0.013998699,0.0076840753,0.005191362
Queen of Pain_hardsup,-9.733434e-25,-2.6836806e-25,2.6015311e-25,2.0089493e-24,-1.085378e-23,1.800606e-25,2.4637972e-24,-2.9101345e-24,4.1758466e-24,2.016674e-24,2.9075954e-25,1.406382e-24,-9.57992e-25,-2.089596e-25,1.6732874e-25,-4.3160247e-25
Queen of Pain_carry,-0.0011359499,-0.0069331434,-0.012137667,0.007969226,-0.013893704,0.0032092694,-0.004388169,0.0088102855,0.014675655,0.008458891,-0.018074334,-0.002422407,-0.006739863,-0.013460031,0.0077566924,0.0063490965
Venomancer_mid,8.12633e-26,3.0057578e-25,1.8640394e-25,-1.4750099e-24,1.0090044e-25,-1.0390951e-24,8.050853e-26,2.2934934e-24,4.660542e-25,6.463799e-25,-2.4463963e-24,1.704697e-24,4.026065e-24,2.0750706e-24,-6.780845e-24,1.2467221e-24
Venomancer_offlane,-2.9566203e-24,-2.775325e-24,-7.629823e-25,4.9264095e-24,-7.5355815e-26,-3.587501e-24,2.2471874e-24,-1.8424803e-25,4.0539187e-25,-3.6477293e-25,-1.0565758e-24,9.327635e-25,-1.6079685e-24,1.928055e-24,-5.164647e-24,-1.246086e-24
Venomancer_softsup,0.0029521184,-0.0049312217,0.002572283,-0.0015564888,0.005120116,0.00040966907,0.0036218425,-0.010203635,-0.0073131965,0.0045289705,0.010408691,0.00077551004,-0.0007148258,0.007234951,0.0013123709,0.0042672316
Venomancer_hardsup,3.104482e-24,-9.917707e-27,-3.5750925e-25,1.7435349e-24,-1.0550959e-24,-1.8180056e-25,-3.1057312e-24,-1.8949344e-24,1.4006535e-24,1.8533258e-24,-6.494741e-27,-1.4501159e-25,2.2052666e-25,2.5363456e-25,-1.9615545e-24,1.4190868e-25
Venomancer_carry,-1.5759709e-24,2.0904624e-25,-1.046666e-24,-1.03326037e-25,1.8042812e-25,-2.3271992e-24,1.9941874e-25,-2.520168e-25,-6.2857455e-24,4.2343734e-24,-1.3530951e-24,1.9011842e-24,-5.749725e-25,-1.0399287e-24,-6.3757356e-25,5.3141197e-24
Faceless Void_mid,-2.4724843e-25,1.0006453e-24,3.8118635e-24,2.1824768e-24,4.1615604e-24,-2.6428818e-24,2.3474394e-24,-7.5146624e-25,1.2539515e-24,5.072686e-24,1.9218391e-25,3.0272585e-24,3.8750063e-24,3.5599533e-24,-1.1630023e-24,4.7815964e-24
Faceless Void_offlane,-0.0030753408,0.0059218165,0.0024099525,-0.0012435374,0.002023387,-0.005555376,-0.001941943,0.0068000183,0.0013488003,-0.0027987692,0.0052191326,0.0040852344,0.0056416555,-0.00078361307,-0.0028678395,-0.005258878
Faceless Void_softsup,1.6479274e-24,3.6512044e-24,-1.46182e-24,-4.5949866e-24,9.382128e-25,2.0240855e-24,-2.2686355e-25,3.2362305e-24,2.259872e-25,1.9761971e-24,4.855058e-25,-2.596243e-24,1.4944978e-24,-8.48979e-24,-4.6045543e-24,2.4528127e-24
Faceless Void_hardsup,2.2575785e-24,-6.733845e-24,-1.5498456e-24,1.4955164e-24,-2.3645772e-24,-1.2569783e-24,2.5258425e-24,4.521967e-24,1.3837044e-25,-4.4268275e-24,5.2039014e-25,-4.815424e-24,2.10006e-25,8.794087e-25,1.2611503e-24,-5.334824e-25
Faceless Void_carry,5.6423186e-24,1.2752189e-24,-3.7427895e-25,2.5246073e-25,3.4566197e-24,-2.8724447e-24,-2.992343e-25,-4.3195396e-24,1.0613595e-25,-3.557541e-24,-4.6829245e-24,3.5448924e-25,-2.9374222e-24,4.0224092e-24,-1.3090195e-24,1.4215607e-24
Wraith King_mid,1.6549554e-24,2.3300873e-25,1.5888428e-25,1.8922921e-24,-2.430019e-24,-2.407196e-24,-6.352876e-25,-2.8258343e-24,-1.6985516e-25,2.5441045e-25,-1.3062651e-24,5.504654e-24,5.6587525e-24,6.3088697e-25,-3.674508e-24,-3.8656995e-25
Wraith King_offlane,0.001173144,0.00589151,0.0064666984,-0.006755594,0.008126979,-0.00018392445,0.002871465,-0.004973945,-0.011343889,-0.00678655,0.00871988,3.8591097e-05,0.0028653196,0.010545967,-0.008173214,-0.0012363307
Wraith King_softsup,-3.5128962e-26,2.7592382e-26,-2.8835552e-24,1.1217483e-24,8.95247e-25,-3.1117908e-24,5.475105e-25,2.422214e-25,1.3722778e-24,2.0145476e-24,-1.3014655e-24,-4.0841528e-25,-2.901109e-24,-1.3225391e-25,-5.515285e-24,1.9128514e-24
Wraith King_hardsup,-2.2848011e-24,3.6203704e-25,-1.7531386e-24,1.1918774e-24,2.9456843e-25,-1.846823e-25,-1.1228197e-24,-2.36186e-25,-2.4741528e-25,1.3800529e-24,-4.20741e-25,-4.4021547e-24,-1.8746786e-24,7.395081e-24,9.066893e-25,5.0251766e-25
Wraith King_carry,0.0017193919,0.005346136,0.0060495855,-0.0068899575,0.007991472,8.8646484e-05,0.0027446556,-0.0055512856,-0.011586495,-0.0061573703,0.008353471,-0.00023823103,0.0028802243,0.010302029,-0.0076883025,-0.0004631204
Death Prophet_mid,-0.0053333775,-0.000698619,0.00023438298,0.00078424194,-0.0004293079,-0.00026092806,0.00088055566,0.0059463857,0.0022905758,0.0007290792,-0.0038130372,0.0014266198,0.0016475247,-0.00019934605,0.00023849533,-0.0018304206
Death Prophet_offlane,5.149423e-24,-2.664083e-24,-2.7807125e-26,-9.034735e-25,-1.7373658e-24,1.2126395e-24,-6.8180124e-25,-1.4919485e-24,-5.8880006e-25,3.2075165e-24,-5.8747718e-24,-4.030409e-24,-1.0607671e-24,7.395645e-27,3.8214887e-24,3.7671264e-24
Death Prophet_softsup,-0.0038335312,-0.0022209592,0.001179361,0.002732436,0.00075519475,0.0023879393,0.0007630333,0.0013997984,-4.8885864e-05,-5.257882e-05,-0.0033028312,0.00124466,1.3349403e-05,0.00045843126,0.0031963503,-0.0012613374
Death Prophet_hardsup,1.0753841e-24,-1.7113876e-24,-6.678376e-25,2.8482107e-24,1.5545578e-24,-4.512505e-24,6.9792733e-25,-5.0379773e-25,-3.794601e-24,3.542365e-24,5.5407036e-25,2.139586e-25,-2.8120224e-25,-2.7360313e-24,1.6060988e-24,-2.1482027e-24
Death Prophet_carry,-4.35975e-25,3.7229196e-25,-9.285567e-25,2.6443596e-24,2.011432e-24,-6.0141525e-24,7.927017e-25,6.4938063e-25,5.4212044e-24,-2.178966e-25,-3.0278242e-25,-8.249025e-25,5.041623e-25,2.4337855e-25,2.4881608e-24,9.979287e-25
Phantom Assassin_mid,-4.705489e-25,-5.8674133e-24,-1.0949511e-24,1.31063175e-24,8.998426e-25,-1.1092046e-24,1.5098214e-24,-8.914215e-25,-2.6483355e-25,3.3875563e-25,1.8897863e-24,-1.3779734e-25,-6.9718284e-25,3.0783972e-24,-2.260064e-24,1.6422658e-24
Phantom Assassin_offlane,2.442411e-25,-8.0959917e-25,-1.796564e-24,-1.1138063e-24,9.457123e-25,-1.2577549e-25,-4.6350893e-25,-4.1946367e-25,-2.6889243e-24,6.062936e-25,6.1404136e-24,8.12352e-25,-3.283578e-24,-1.8936606e-25,3.2156446e-25,2.207322e-25
Phantom Assassin_softsup,-1.3363077e-25,-9.455003e-25,-6.9061666e-26,-1.9276154e-25,-2.7164995e-24,-3.625993e-24,-4.6171674e-25,-2.9497048e-25,3.697543e-25,2.39857e-25,-2.6420313e-25,9.160252e-25,-3.8692e-25,-1.7465846e-24,6.397433e-25,-7.3272877e-25
Phantom Assassin_hardsup,-7.5064306e-25,-1.1519563e-25,-1.4591467e-24,-2.745115e-24,3.2391644e-25,5.1717843e-24,-1.8738067e-24,5.5138735e-25,-5.160928e-24,-2.2191083e-24,-2.9535253e-25,-4.998583e-24,-5.94667e-25,1.9070164e-24,8.8141586e-26,-7.258454e-25
Phantom Assassin_carry,0.0045270636,-0.005265562,-0.0061160256,0.0041832887,-0.0012277678,0.0056485245,0.0013204184,-0.0102525605,-0.0009425459,-0.00044181716,-0.0035028541,-0.0047825216,-0.006820265,-0.00082461536,0.0032773092,0.004514751
Pugna_mid,2.512089e-25,3.1468845e-25,1.2175581e-24,2.839093e-24,-1.0542987e-24,1.2846263e-24,9.763842e-25,-7.098418e-24,1.6377763e-26,-3.8860156e-25,-5.593569e-25,2.583227e-25,-6.99084e-25,2.4465017e-26,-8.785653e-25,2.017398e-24
Pugna_offlane,4.052902e-25,1.6994699e-25,-4.3665123e-25,-2.8124903e-25,-1.1160109e-25,2.8923498e-24,3.405518e-24,2.6928396e-25,-1.2858384e-24,5.1294655e-24,-4.426812e-24,-2.4695247e-24,6.4186654e-27,2.297479e-24,-8.976237e-24,-9.88794e-25
Pugna_softsup,-0.0013682435,0.0017889854,0.006668373,-0.0022038931,0.006027788,-0.0020459415,0.0016802211,-0.0033042587,-0.006155922,-0.0039278986,0.007075962,0.003072189,0.0034856235,0.0053739296,0.00014328642,-0.0031143187
Pugna_hardsup,0.003895517,-0.0023670085,0.0028497213,0.0009543465,0.004601351,-0.00013622979,0.0011342609,-0.008951454,-0.006997279,-0.003252824,0.005752338,0.001432941,0.0016862978,0.0011584506,0.0053559556,-0.00475492
Pugna_carry,-8.440981e-25,1.3161908e-25,-1.0019656e-24,2.3967133e-25,3.2307412e-24,1.4148202e-24,-4.005113e-25,-2.9781809e-24,6.740322e-25,6.3990985e-24,2.902801e-25,-1.0028499e-24,2.6043953e-24,-1.8570592e-24,1.8549884e-25,-3.3775578e-25
Templar Assassin_mid,3.7757876e-25,-3.5636042e-25,7.2319267e-25,-2.059095e-24,-4.068697e-25,-1.3174338e-24,-7.9647144e-26,-3.4482483e-24,-1.0988992e-24,-5.1856403e-24,3.1630421e-24,-4.1347e-25,-4.485677e-24,1.3690247e-25,-1.9985752e-25,3.7231773e-24
Templar Assassin_offlane,-1.1132065e-24,2.4001347e-25,2.697504e-24,-5.2630196e-25,1.1997209e-25,-2.5445266e-25,7.7863253e-25,-5.8972954e-24,4.582623e-24,2.350341e-24,7.7551545e-25,1.16041735e-24,1.8238458e-24,8.709069e-25,-2.6839158e-24,-1.4028793e-24
Templar Assassin_softsup,-1.2240719e-25,-1.7413623e-24,-4.859108e-25,2.979099e-24,4.0081577e-24,2.3684511e-24,2.5942014e-24,3.7187495e-24,-5.3683695e-25,1.6922425e-24,-2.514341e-24,2.467561e-24,-1.456288e-24,-5.730391e-25,5.281449e-24,-1.7180032e-24
Templar Assassin_hardsup,-3.437467e-24,2.1518745e-24,-4.3466236e-24,3.8689052e-25,2.2850038e-24,-8.412354e-25,-1.8395376e-24,1.8465806e-24,6.362751e-25,1.5717e-25,-1.0623043e-25,4.8619943e-24,-7.286955e-26,-9.798811e-26,-1.6684454e-24,3.169443e-24
Templar Assassin_carry,-0.010116554,0.005822794,0.009086144,0.00037491316,0.0078270985,-0.00029674248,0.0032153549,0.0061817616,-0.0086854175,-0.004562671,0.0029314253,0.0026388748,0.0025942072,0.007917945,-0.00116208,-0.00477696
Viper_mid,1.216577e-24,1.2045793e-24,9.80421e-26,-5.0216996e-24,-1.0223547e-24,1.0310683e-25,-5.7386377e-26,-5.203425e-27,-1.3470017e-25,3.7872137e-25,1.824368e-25,2.1725766e-24,3.0509092e-25,2.444465e-24,1.4157255e-24,-2.7385888e-24
Viper_offlane,0.004972643,-0.011949889,-0.0087567605,0.0063211354,-0.007538976,0.0022176744,0.00064520945,-0.0075616953,0.008368267,0.009519742,-0.0036436475,-0.007059226,-0.0051533943,-0.008176092,0.01191809,0.0021755798
Viper_softsup,4.1869315e-25,-8.923803e-25,-6.988852e-25,4.984679e-24,6.2010507e-25,-2.0277591e-25,-2.94533e-25,5.6253405e-25,-6.287831e-25,-6.4027895e-27,9.401233e-25,3.6909697e-24,-8.337604e-26,-3.9310556e-25,1.0463756e-24,-2.053453e-24
Viper_hardsup,4.6854595e-24,2.1602905e-24,9.411791e-26,-2.558727e-26,-4.0169093e-26,-1.6171622e-24,1.3784066e-24,3.2268806e-25,-7.3823324e-25,6.5040413e-25,1.3612978e-25,-1.4646608e-26,-3.326772e-25,-8.81695e-25,-3.101424e-25,-6.140409e-24
Viper_carry,0.003992873,-0.0108718695,-0.011625668,0.005657968,-0.009318123,0.0022769407,0.0001251006,-0.0041760635,0.008504202,0.010833969,-0.0053444346,-0.006547201,-0.0061053275,-0.008556509,0.008523175,0.0049570226
Luna_mid,-0.0038827162,0.0043261866,-0.013113846,-0.0027483797,-0.010288179,-0.0030943418,-0.0028702754,0.018196812,0.013001606,0.005074557,-0.01255985,-0.001744058,-0.00069586775,-0.0094373925,-0.0073255864,0.013071226
Luna_offlane,2.9002355e-24,-4.078445e-24,1.4394657e-24,-3.9174058e-25,8.593065e-25,-3.083845e-24,-5.372774e-25,-5.0214196e-25,4.4737832e-24,-1.785593e-24,7.6931727e-25,3.1031731e-24,2.0328813e-24,-1.7093042e-24,-3.289581e-24,-4.675633e-25
Luna_softsup,8.561581e-25,-4.8382445e-24,-2.0941784e-24,-3.696231e-25,-1.8153662e-24,-1.832656e-24,4.216548e-25,3.357771e-24,5.0079765e-25,1.8105884e-24,5.720791e-25,3.365088e-24,-3.6438395e-25,-4.286615e-25,2.6973984e-25,2.6597372e-24
Luna_hardsup,7.521429e-24,1.2040236e-25,9.117853e-24,2.4349898e-24,-5.3672913e-24,4.1243605e-25,1.8476584e-24,-8.741973e-25,-1.0867727e-24,1.1091793e-24,3.6716344e-24,-1.8249782e-25,1.1101596e-24,1.1221324e-24,3.92352e-25,3.9556005e-25
Luna_carry,5.6199023e-25,-2.264092e-25,3.2700668e-25,-1.6980316e-24,-4.7417206e-25,1.1881981e-24,-2.5387055e-24,-2.4198878e-24,5.9351035e-26,1.9444435e-26,4.80204e-25,-3.0939515e-24,-1.2297828e-24,7.917931e-25,1.2239381e-24,4.4249074e-24
Dragon Knight_mid,0.0007256955,-0.0058676484,-0.0024544275,0.0011870731,-0.0025461505,0.0003292713,0.00048813428,-0.0019337857,0.006981441,0.0071623847,-0.0015835504,-0.000554911,-0.0017380911,-0.0025740184,0.0049403887,0.004498421
Dragon Knight_offlane,0.0010460992,-0.005627905,-0.0024649221,0.0010228126,-0.002529444,0.00022655877,0.0004883223,-0.0021972694,0.006709874,0.006944156,-0.0014921929,-0.0010977892,-0.0016367468,-0.0025366354,0.004649196,0.004140915
Dragon Knight_softsup,4.314741e-24,-2.0861316e-24,-1.5656797e-24,-1.7617376e-24,5.945696e-24,1.0931386e-24,2.9120144e-24,4.7269482e-26,-2.6485492e-24,3.7194764e-24,-1.3099345e-24,-5.696929e-25,7.640384e-26,-5.154254e-24,1.0472126e-24,-1.9025144e-24
Dragon Knight_hardsup,3.3937226e-24,1.7340397e-24,-9.276549e-25,-3.7354114e-24,2.3885044e-24,9.429176e-24,5.598757e-25,-5.5898743e-25,1.0047572e-24,1.364531e-23,-2.7124576e-24,-8.55565e-25,-2.5145565e-24,2.729147e-25,5.7916704e-24,-5.8457835e-24
Dragon Knight_carry,-0.0019924925,-0.0067616906,-0.0035017289,0.001868844,-0.0031899577,0.0013397841,-0.00027794222,0.0016658262,0.008551391,0.008830475,-0.0030037584,0.0031900548,-0.0023349915,-0.002780678,0.005608418,0.00811579
Dazzle_mid,8.108292e-24,-1.4566484e-25,1.3653483e-24,-3.1264512e-24,2.5997976e-24,-1.0481923e-24,6.7445566e-25,-2.6987182e-24,1.6168188e-24,-4.1971408e-24,5.242464e-25,8.940683e-24,2.4953085e-25,-3.1946956e-24,-1.6807009e-24,-1.8680524e-24
Dazzle_offlane,1.905087e-24,-1.7453301e-25,-8.116205e-26,4.1574725e-25,-1.4066305e-24,1.2540966e-24,2.922545e-24,-3.4391614e-25,-1.1608423e-25,4.8237022e-24,-7.617359e-24,-6.2632962e-25,9.910086e-24,-4.195885e-25,4.5635237e-24,2.7980182e-24
Dazzle_softsup,0.0009038784,0.00012674367,-0.0014365086,0.0006460567,-0.00052986166,-0.00049824576,-0.0021041406,6.368567e-05,0.0031516524,-0.0011830984,-0.00050892093,0.0026519925,-0.0005136132,-0.0046267295,0.0016718822,0.0009649532
Dazzle_hardsup,0.00020631819,0.00070375245,0.0028343473,-0.00053286983,0.0037640661,0.0009534296,-0.0004552163,-0.0032134105,-0.0028708484,-0.0052505014,0.0025934963,0.0025837524,-5.6042954e-05,0.0013286734,-4.1377632e-05,-0.0016208356
Dazzle_carry,3.183916e-25,-8.570887e-25,7.23466e-25,1.4007456e-24,1.2530659e-24,2.6865785e-25,-1.6961357e-24,-5.0814327e-26,-6.98977e-24,-1.0402454e-24,-3.8836332e-25,3.416715e-25,2.4634353e-24,-2.021503e-24,-4.1413127e-25,-4.9477095e-25
Clockwerk_mid,1.1746738e-24,5.078835e-25,-2.5846243e-24,2.268353e-24,-3.4533126e-25,-1.0173864e-24,-2.1327402e-25,-4.510735e-24,2.7892487e-25,-2.885168e-25,-2.6502289e-24,-1.2361063e-24,1.0992027e-24,2.4468397e-25,-3.973892e-25,-5.5997646e-25
Clockwerk_offlane,5.2878727e-25,-5.6213715e-25,3.185279e-24,1.3755183e-24,-1.7582664e-25,3.9114674e-24,4.242966e-24,-3.6337724e-25,-2.0248967e-25,-2.2274476e-24,1.4318237e-24,-1.5616926e-24,7.3235874e-27,-1.7513856e-25,1.2306169e-24,4.1417007e-25
Clockwerk_softsup,-0.0046405997,0.0020841581,-0.006623098,-0.0005198496,-0.005981171,-0.0005069041,-0.0019574685,0.010630696,0.005054216,0.00563673,-0.010610343,-0.0026069663,-0.0014189016,-0.0032005587,-0.0023544484,0.004492872
Clockwerk_hardsup,-0.00018590727,-0.0007793566,-0.0023238817,0.0014949356,-0.0011914057,0.001650712,0.000141677,0.0018516796,0.0010638777,0.00018531835,-0.0055190222,-0.003386426,-0.0019866473,-0.0014784478,0.0016365168,0.0003010407
Clockwerk_carry,4.3358216e-25,1.2111905e-24,-4.192596e-24,7.9812105e-25,2.4203351e-24,-9.118836e-25,-1.5860274e-24,1.5394976e-25,-2.0186874e-24,-5.759598e-25,-1.9817774e-24,1.075645e-24,4.0451984e-25,-6.9798694e-25,-1.1662646e-24,-4.151595e-25
Leshrac_mid,-0.0011905837,-0.0036936714,0.0040677506,0.0030296703,0.0027160451,0.0044843457,0.0026190644,-0.005200115,-0.0014856813,-0.0022372382,-0.00037532102,-0.0021569473,-0.0021049597,0.0033414946,0.0033766292,-0.0027029817
Leshrac_offlane,-1.6519648e-24,-1.2403414e-24,2.1762703e-25,5.027393e-24,9.3213234e-26,3.852125e-24,9.028455e-24,2.6195256e-24,-1.03219625e-23,-3.571173e-25,-5.872167e-24,-1.227324e-24,-1.3504503e-24,-9.982859e-24,1.4899856e-24,-5.552513e-24
Leshrac_softsup,4.446245e-25,9.187859e-25,4.4465143e-24,-3.6327355e-25,-3.5585117e-24,6.8607525e-24,5.4955182e-24,-2.1710714e-25,-5.9045963e-25,2.9779669e-24,3.493393e-25,1.3304149e-25,4.9098494e-24,-1.9900797e-24,-1.9651444e-24,7.029252e-25
Leshrac_hardsup,2.4522284e-25,1.5765229e-24,-5.1181244e-24,2.9870356e-24,2.424912e-25,-3.8491605e-26,5.751235e-25,2.8462825e-24,-2.8014322e-25,4.0165898e-25,-1.7431568e-25,1.0762177e-24,-1.4541781e-24,4.628455e-25,8.888089e-25,5.0225157e-25
Leshrac_carry,-0.0043450296,-0.00024889671,0.005745077,0.0011913945,0.005928643,0.0037992364,0.003429297,-0.0028019021,-0.0043835468,-0.004388425,-0.00025255152,-0.00056018645,-0.0012669705,0.0059789848,0.0011491023,-0.0024818818
Nature's Prophet_mid,0.010546622,-0.0032409518,-0.0021734927,0.0012220968,-0.00014778342,0.0011777572,-0.0021307555,-0.011888078,-0.0029466483,-0.00066396943,0.0023946473,-0.0016243294,0.00030113297,-0.002912438,0.004277639,-0.001010672
Nature's Prophet_offlane,-4.8068565e-24,4.1537593e-24,-7.041957e-24,2.9828318e-24,-2.1994042e-24,4.714222e-25,6.6305573e-25,-4.4818546e-25,-1.4583568e-24,-3.346638e-24,-1.1777432e-25,2.0293814e-24,4.9875648e-24,-3.8286097e-25,-6.6740216e-25,-1.2205969e-24
Nature's Prophet_softsup,0.007859718,-0.0038243087,-0.0016187613,0.0017929422,-9.2810915e-06,0.0009845302,-0.00147595,-0.011326604,-0.0032553712,-0.00089458935,0.003189661,-0.0014415351,0.0013875362,-0.0018053778,0.0022545021,-0.003508136
Nature's Prophet_hardsup,1.743422e-25,5.333715e-24,-1.1926917e-24,-2.6492994e-24,2.717257e-24,-1.2044233e-24,-4.326668e-24,-8.010066e-25,-1.6053001e-24,6.7211265e-25,-5.656625e-24,1.1662488e-24,3.610563e-24,5.3862547e-24,3.5686884e-24,-4.2257626e-24
Nature's Prophet_carry,9.051242e-27,-1.1554737e-25,-7.418354e-24,-7.430756e-24,2.9621782e-24,2.221038e-25,-1.7172713e-25,-1.4376492e-25,-3.111579e-25,-6.519281e-25,-2.4223946e-27,3.0814711e-25,2.1788888e-25,3.086117e-24,-3.134893e-25,2.0260169e-24
Lifestealer_mid,4.1107986e-25,-2.3704389e-24,2.9401868e-24,3.5044085e-24,-3.6139256e-24,2.2088918e-24,9.200806e-25,-3.2475855e-24,-6.465518e-25,-5.849139e-24,-1.3843266e-24,4.47131e-25,-5.4251593e-24,3.925072e-24,-3.8092827e-24,-3.0423052e-25
Lifestealer_offlane,4.9113277e-25,-2.9166314e-24,-1.1360781e-24,2.4412803e-24,-9.612948e-24,-1.0904934e-24,1.7506003e-24,-2.8000177e-25,-9.525415e-25,-4.4705994e-24,2.0780132e-25,-3.338596e-24,-2.2567812e-25,-3.5517204e-24,-1.013244e-24,-5.640456e-25
Lifestealer_softsup,-5.7385123e-24,-6.4640416e-25,-3.1847052e-24,1.4047897e-24,-1.1025057e-24,3.302366e-25,-1.553162e-24,3.096395e-25,-9.708495e-25,-4.172307e-24,3.4512925e-24,6.483289e-25,-2.3694317e-25,1.6780876e-24,1.5370434e-24,2.3280267e-24
Lifestealer_hardsup,1.4733697e-24,-5.179444e-25,6.4089673e-25,2.131579e-25,-9.488986e-27,1.0298086e-25,-6.4593943e-25,1.8225357e-24,5.3324532e-24,-2.0874512e-25,-9.469486e-26,-6.8057456e-25,3.4130497e-24,2.3694597e-24,4.672752e-24,-3.5917774e-26
Lifestealer_carry,0.0006201975,0.00338034,-6.3637504e-05,0.00036024736,-0.002131468,-0.00040770735,-0.00044392666,-0.0009701506,0.002289527,-0.003507651,0.0028175155,-0.0017063747,-0.00043624925,-0.0009463766,-0.005553014,-0.0040941746
Dark Seer_mid,4.0828644e-24,-7.0815077e-25,-6.9433614e-25,-1.4920286e-24,-2.3897251e-24,2.0739735e-25,-7.0398815e-25,-3.36878e-24,2.0233584e-24,4.0532857e-25,-2.6494734e-25,-2.8966781e-24,-4.4209682e-24,1.6448781e-24,1.9309528e-24,-3.499349e-24
Dark Seer_offlane,0.00070386316,-0.0017204473,-0.00017389347,0.0007831782,0.002348735,0.002345891,0.0008227089,-0.003226482,0.0012116639,-0.0008035778,-0.0033585895,-0.00075750716,-0.0016730328,0.0009408364,0.0018533496,-0.00081584195
Dark Seer_softsup,2.3908802e-24,-4.916903e-25,4.3891716e-24,1.3559306e-25,6.49192e-25,-4.6625963e-24,2.6158906e-24,-3.1791238e-24,-2.4323648e-25,-3.1487064e-24,2.7099557e-24,-6.2622816e-25,-4.769023e-24,-4.2756667e-24,4.2746287e-25,-1.119013e-25
Dark Seer_hardsup,7.2465216e-25,2.34374e-25,5.6468013e-24,-3.381728e-24,2.3752549e-24,7.1345487e-25,-1.0105101e-24,8.67136e-25,1.3155102e-24,7.3658704e-26,1.6272204e-24,-2.2750816e-24,1.9571785e-24,-3.6659936e-24,-1.2978902e-24,1.6361842e-24
Dark Seer_carry,1.8979713e-24,-4.1149635e-24,4.0935594e-24,-8.119286e-25,-4.0626958e-25,-3.070181e-24,6.9893663e-25,1.2472468e-25,-9.650249e-25,1.9819854e-24,-1.2650227e-24,9.183522e-26,-1.6069176e-24,-1.898539e-24,-5.0448716e-24,4.8645005e-24
Clinkz_mid,1.5329622e-24,-2.1715487e-24,-8.3757356e-26,-2.6873754e-24,6.433025e-24,-1.644505e-24,-3.7514162e-24,4.5894567e-25,1.3214835e-24,-7.4805816e-25,2.01495e-25,3.6209836e-24,3.4341813e-24,3.700686e-24,3.9985237e-24,-9.793414e-25
Clinkz_offlane,-5.5750107e-26,-1.0391291e-23,2.833304e-24,1.2836036e-24,3.640208e-25,1.2837885e-24,1.8795491e-25,1.9266281e-25,-1.1588862e-24,-1.1553589e-25,1.7314215e-24,-3.2532324e-24,-3.592831e-24,-8.303301e-25,6.0530885e-25,-2.2249946e-24
Clinkz_softsup,3.723029e-27,7.072646e-25,5.989265e-24,-1.3562394e-24,-5.6626507e-26,-7.117523e-25,8.64343e-25,-1.7999672e-24,-2.6511292e-24,-7.6108314e-24,1.4320603e-24,7.761129e-26,1.9735702e-25,-5.674166e-25,2.2827884e-25,-1.0873877e-25
Clinkz_hardsup,-3.6038864e-25,-2.8630547e-24,9.449516e-25,6.720651e-26,9.258139e-25,-2.7485626e-24,1.5877415e-24,7.6319818e-25,-2.6273521e-24,-2.258482e-24,-4.4889893e-24,4.750963e-25,-2.5977726e-24,-7.808785e-25,3.0764678e-24,-5.227602e-24
Clinkz_carry,-0.00050127733,-0.002948517,0.006163359,-2.829067e-05,0.0015949459,-0.0014881562,-0.00037709088,-0.0002289674,0.0011181498,0.0031470838,0.0036486434,0.0040047634,0.0018341686,0.0031831376,-0.0012308704,0.00056313
Omniknight_mid,-3.51407e-24,-4.730259e-24,7.466286e-24,1.804296e-24,-2.290994e-24,1.1653712e-24,-1.3627804e-25,2.0876671e-25,4.0113488e-25,1.0121315e-24,1.1156599e-24,6.6699964e-26,2.9829825e-24,-3.509047e-24,1.3847316e-24,4.1361934e-24
Omniknight_offlane,-0.0014965716,0.0023200307,0.0007380106,0.0003356221,0.0053323978,-0.00027316395,0.003985023,0.001873247,-0.001251078,0.00040153752,-0.0005849104,-0.00040430482,-0.0019347982,0.0017643821,0.002940238,0.00033669046
Omniknight_softsup,1.5442778e-24,-6.4892536e-26,2.3009308e-25,-4.7361227e-25,-4.3645457e-24,-2.655197e-24,-1.5360552e-25,4.3214814e-24,-4.206847e-24,2.1298576e-24,2.5699574e-24,9.404408e-25,9.862486e-25,-1.1023615e-24,2.652844e-25,-7.319305e-25
Omniknight_hardsup,-0.00039728842,0.0016239517,0.00055766327,-0.0025667758,0.0023410479,-0.0032275848,0.0027886438,0.0018777201,9.296695e-06,0.002060363,0.004564222,-0.001679251,0.0015760339,-0.0004417837,0.0007953801,0.0018770038
Omniknight_carry,2.4887477e-24,9.896496e-24,2.2097288e-25,-1.7486526e-24,8.455108e-25,-3.1376647e-24,1.2466991e-25,-4.3485094e-24,-1.262595e-24,-1.0443034e-24,-1.8181165e-24,-6.1275905e-25,-3.5029038e-25,-3.467079e-24,1.8495465e-24,1.0010444e-24
Enchantress_mid,1.0249794e-24,1.4891121e-24,2.2323285e-24,5.639301e-25,9.2172973e-26,-3.1514646e-24,1.3132236e-24,2.5281367e-24,2.4775819e-25,-3.3258985e-25,-1.2010916e-24,1.1764819e-24,-7.303246e-24,1.2207131e-24,3.0380797e-24,2.3075166e-24
Enchantress_offlane,1.6243782e-25,1.766774e-24,3.8774515e-25,-6.915278e-24,5.584674e-24,2.1170733e-24,1.186482e-24,-1.70278e-24,8.581043e-24,-2.205448e-26,-3.5843785e-24,-4.9088858e-24,-3.197009e-24,1.3229023e-24,-2.0877241e-24,-1.5688106e-24
Enchantress_softsup,-2.882939e-24,7.4733093e-25,-3.051871e-24,-1.1041534e-24,4.627113e-25,-6.3599544e-26,-9.015295e-25,4.9678105e-24,-5.8570235e-25,2.48703e-25,-3.1451545e-24,3.469247e-24,2.482868e-24,-1.6772062e-24,2.1182254e-24,2.9543807e-25
Enchantress_hardsup,0.0014629067,-0.004223135,-0.0006994944,0.002092784,-0.0004189675,0.0015368407,0.0013457078,-0.0037858407,0.0027757457,0.002019402,-0.0015930268,-0.0019051504,-0.001888582,-0.00074147043,0.003573653,0.0010657103
Enchantress_carry,-1.3094819e-24,-7.2591996e-25,-3.5078012e-25,-9.91047e-25,-1.8762366e-26,-2.2071145e-26,-1.7837348e-24,-4.8952677e-24,2.4438834e-24,-8.0684496e-25,-2.8003103e-24,-3.9357194e-24,-1.2267201e-24,1.112823e-24,-1.6997182e-25,1.8709588e-24
Huskar_mid,-0.0018372673,0.0033072627,0.0047220783,-0.0037721354,0.0012124456,-0.0025568127,0.0008626745,0.005223889,-0.0016311058,-0.0072529386,0.0016088232,-0.00044246786,0.0019465802,0.0027351808,-0.0049140616,-0.0047484087
Huskar_offlane,1.17156865e-23,-3.0330207e-24,8.977036e-25,4.1099283e-26,1.8685324e-24,-3.3895625e-25,2.2188853e-25,1.81488e-25,-6.6716863e-26,2.1066836e-24,-8.1264955e-25,-1.7897298e-24,1.6338187e-24,1.1782417e-25,3.483679e-24,9.826574e-25
Huskar_softsup,-3.343858e-24,-8.485292e-25,-2.6561662e-25,4.092267e-24,3.5777002e-25,4.7580966e-24,-3.015234e-24,1.5803712e-24,1.6346585e-24,2.343691e-25,5.743731e-25,-2.3192463e-24,3.3770554e-25,3.4901147e-24,-1.1136395e-24,-4.2310566e-24
Huskar_hardsup,-3.45148e-24,5.4573604e-25,-2.8932014e-24,1.157128e-24,1.3283977e-24,-1.4122119e-25,-1.1850582e-24,1.410559e-24,6.754015e-24,9.272927e-25,2.5279032e-24,-4.9793196e-26,1.8875509e-24,-9.598749e-24,5.2378293e-26,-9.699736e-25
Huskar_carry,1.8248749e-25,-1.8848674e-24,-1.2771011e-25,-1.0188086e-24,2.9500503e-24,3.903718e-25,-5.8523056e-25,2.807753e-24,6.252189e-25,-9.657743e-26,5.5034364e-24,-8.935786e-25,-1.7564558e-24,1.9607779e-26,-9.131698e-25,-7.761701e-27
Night Stalker_mid,-2.4793662e-25,2.696356e-25,5.1545375e-24,-6.216658e-26,3.033177e-25,-2.8926169e-24,-5.4947534e-24,-2.66786e-24,6.9737513e-25,1.0049709e-24,-2.182636e-25,3.895523e-24,6.152547e-24,-2.3593473e-24,1.1312152e-24,1.721261e-24
Night Stalker_offlane,0.0062301066,-0.007860198,0.0008045982,0.004536833,-0.0009585692,0.0034412374,-0.00036532708,-0.010807318,-0.0024513756,0.0028590816,0.0052079563,0.0035469932,-0.002048445,-0.00074926036,0.0052592508,0.002451478
Night Stalker_softsup,6.694382e-25,3.9347577e-24,1.4846566e-24,2.3651941e-24,1.2255602e-24,-7.8974004e-25,4.5053377e-24,-2.4005822e-24,1.78397e-25,8.529259e-25,-1.3711087e-24,2.8320789e-24,3.2532596e-24,-2.1271106e-24,-2.189606e-24,-3.82436e-24
Night Stalker_hardsup,-2.2645637e-24,-3.637587e-25,-4.913679e-24,-4.18593e-25,6.081944e-25,7.195289e-25,-9.078473e-24,3.9168936e-24,1.7591695e-24,-1.7194279e-25,-9.210455e-25,-5.708807e-25,5.098434e-24,2.3273606e-24,4.364214e-24,1.0235516e-24
Night Stalker_carry,-1.0789093e-24,2.336348e-24,3.6600839e-25,6.685184e-24,1.5122759e-25,3.3446282e-24,7.665617e-25,6.1144344e-24,-9.2164205e-24,-4.6222486e-25,2.3144015e-25,-1.983042e-24,-1.6156907e-24,-2.3647996e-25,4.987546e-25,7.891001e-25
Broodmother_mid,-0.008104108,0.0048008617,0.0008150914,-0.0043229666,0.0020077312,-0.00040636444,0.0015049512,0.010089714,0.0016091571,-0.0031697282,-0.0048357886,-0.00016862042,0.0023566035,0.003357096,-0.008063757,0.0022622566
Broodmother_offlane,2.0077545e-24,-1.2067552e-25,-2.2222188e-24,2.409118e-24,2.5370394e-24,3.372613e-24,1.27908865e-26,3.4389918e-24,3.9980216e-24,3.54007e-24,-3.9590176e-24,-1.9878997e-24,-1.1584673e-24,3.456694e-24,1.7220124e-25,2.1359007e-24
Broodmother_softsup,1.2096345e-24,1.7981224e-24,4.2728186e-24,9.85023e-26,-9.472615e-25,3.256196e-27,-4.889788e-24,3.8549586e-26,4.033292e-24,-1.2326924e-24,9.166725e-25,9.334165e-25,7.1159627e-25,4.329117e-24,2.4757315e-24,-4.4501606e-25
Broodmother_hardsup,-1.7984214e-24,4.351482e-24,1.0136018e-24,2.7831707e-24,-5.3889755e-24,2.2233695e-25,1.6843413e-24,6.6589934e-24,-3.4931652e-24,-4.8835314e-24,3.0818952e-24,1.3878366e-24,2.3031589e-24,-1.353012e-24,-5.420936e-25,1.4933194e-24
Broodmother_carry,-0.007331859,0.005774865,0.0009473087,-0.004035864,0.002098172,-0.00040074065,0.0009798061,0.009519827,0.0007995199,-0.0037494048,-0.0039174026,8.157916e-05,0.0023059458,0.0032003438,-0.0080754515,0.0011219719
Bounty Hunter_mid,3.188625e-25,-4.779895e-25,1.8742783e-25,2.3891662e-24,3.1767531e-24,2.185667e-24,8.378921e-25,-2.631483e-24,-5.038062e-25,1.6292179e-24,3.0118956e-25,1.9636739e-25,-3.2475561e-24,2.5290319e-25,3.1189835e-26,2.0057782e-24
Bounty Hunter_offlane,-1.258842e-23,-2.0584615e-24,-8.772546e-25,-1.056433e-24,-3.0654232e-24,-9.525738e-25,-2.4039177e-24,1.4737666e-24,-5.3187744e-25,-2.3850314e-24,-1.6949607e-24,1.3317441e-25,-5.100708e-24,1.1739294e-24,-1.8092829e-24,-3.8090509e-25
Bounty Hunter_softsup,0.003453988,-0.0072539556,-0.01358538,-0.00050623156,-0.008473503,0.0015479862,-0.00072382577,-0.00095367554,0.011478707,0.012348354,-0.007564228,-0.0037570633,-0.005580917,-0.005886202,0.0017315808,0.012156793
Bounty Hunter_hardsup,-2.2427296e-25,-2.1417436e-24,3.647293e-24,-7.185537e-24,-3.2517071e-24,1.4409089e-24,7.079997e-26,2.705445e-24,-2.9697921e-24,-2.9371029e-24,4.4273043e-26,2.4897815e-24,-3.0827714e-24,5.738131e-25,7.1617495e-24,-1.725124e-24
Bounty Hunter_carry,7.961009e-26,-5.1065653e-26,2.2228164e-24,2.4764407e-24,-7.811854e-25,1.2807928e-25,-8.14836e-25,1.4840002e-24,-3.597826e-24,4.1964757e-25,-2.8076644e-26,4.8157986e-24,2.230877e-25,-2.1291691e-24,-6.7353236e-24,3.7993474e-25
Weaver_mid,-1.7620798e-24,-1.097139e-23,2.8689656e-24,-3.9152567e-25,2.731848e-24,2.5237e-24,-2.1616946e-24,-4.501176e-25,-4.668005e-25,-2.0683223e-25,2.2434646e-24,-1.3505224e-25,-2.190431e-25,-1.038712e-24,1.4908731e-24,-2.834458e-24
Weaver_offlane,-6.354546e-25,-1.9617018e-24,3.4345702e-24,-2.3135298e-24,-3.0953423e-24,5.692319e-25,1.7683558e-24,5.0160778e-24,8.0703384e-25,-1.23483356e-26,-1.3928662e-24,4.6037173e-25,-5.057088e-25,3.0828601e-24,5.252237e-25,1.5682588e-25
Weaver_softsup,0.0030397414,-0.0040924605,0.00098022,0.0031091948,0.00018321438,0.0014366267,0.0002945903,-0.0029271217,-0.0025845782,0.0007107409,0.0025216294,-0.0014116298,0.00047007215,-0.0011026496,0.0046756426,0.000747473
Weaver_hardsup,3.6045638e-25,-2.5506188e-24,7.4373284e-25,-1.0479617e-24,7.337926e-24,7.34086e-25,-5.7321873e-25,1.3034509e-24,-5.153394e-24,-6.23788e-24,-1.5892709e-24,7.613487e-25,-1.0007237e-24,9.75537e-25,-4.8120026e-24,2.3904714e-24
Weaver_carry,0.0028843447,-0.00528277,0.0007650278,0.0036652833,-5.1484676e-05,0.001872525,0.00085512915,-0.0031159099,-0.002274227,0.0011510779,0.0020446402,-0.001960387,0.00039216795,-0.0015205999,0.0056813695,0.0015459558
Jakiro_mid,-1.4827049e-24,1.0817224e-24,5.330716e-25,-3.6470844e-25,-1.7252554e-24,3.962898e-24,2.3027215e-24,3.7084434e-24,-3.6662595e-24,-4.3803587e-25,3.7118154e-25,1.8490695e-24,-1.4192185e-24,1.4621488e-24,2.289461e-24,-9.931108e-26
Jakiro_offlane,-6.1297283e-25,-5.652708e-24,1.95946e-25,1.8138078e-24,6.9194234e-25,2.1024977e-25,9.985329e-26,-5.1720596e-24,-1.1338164e-24,-6.9004745e-25,1.3786694e-24,-6.683065e-24,4.208083e-24,-5.7367296e-25,-2.7783494e-25,3.2520814e-24
Jakiro_softsup,-9.186331e-25,-1.1053302e-24,-1.889485e-24,5.1603326e-25,-1.5365975e-25,3.8606123e-24,2.7191602e-24,2.385098e-24,-4.135935e-24,-2.5501672e-24,-5.0877154e-24,-6.732287e-24,-2.211628e-24,-3.5437655e-24,2.1395052e-25,1.7769474e-25
Jakiro_hardsup,-0.00053009845,-0.001916544,0.0033307169,0.0011349124,0.0024538722,-0.005779196,-0.00085766567,-0.001769206,0.0011753102,0.0056935335,0.009988807,0.0051386305,0.004620242,-0.0044144914,0.008738172,-0.0029414133
Jakiro_carry,-1.1929403e-24,4.4610727e-24,-2.604724e-24,1.9609692e-25,1.0133496e-24,-2.7581796e-24,-1.6736648e-24,1.5580385e-25,4.296447e-25,2.828034e-24,-1.6407637e-24,7.572856e-24,-5.422248e-25,1.9866865e-25,-3.425142e-24,8.621935e-25
Batrider_mid,0.0011649042,-0.006674041,-0.0045502395,0.0043425956,-0.0035967377,0.003018377,-0.00028434364,-0.0012437325,0.0053150537,0.007208526,-0.0052954145,-0.0018160036,-0.0040014065,-0.0044027106,0.0075892755,0.005356085
Batrider_offlane,-7.4063074e-25,-6.3207894e-25,2.686829e-24,2.7285902e-24,6.8707295e-25,3.636958e-24,1.7001148e-24,8.743032e-25,-6.1414813e-24,4.3839623e-25,2.2793795e-24,-7.804867e-25,-6.475848e-25,-1.8421022e-24,4.4110316e-25,1.5220576e-24
Batrider_softsup,-2.7870355e-24,1.8770961e-24,-2.1382864e-25,2.100567e-25,4.565659e-25,1.7640863e-24,-7.836989e-25,-9.075153e-25,-2.4613713e-25,-1.331244e-25,1.8713493e-25,1.3241593e-24,-1.744367e-24,-4.1034853e-25,3.4633593e-24,-9.640494e-25
Batrider_hardsup,0.0004829208,-0.005343754,-0.0044238754,0.0044887234,-0.0037481734,0.003422903,-0.0003485697,-0.0007091657,0.005388494,0.005783798,-0.005545738,-0.0020696013,-0.0034059328,-0.0041578314,0.005950697,0.0038882166
Batrider_carry,-5.714208e-25,1.2434467e-24,-7.1506904e-24,1.9042617e-24,-3.0701727e-25,-2.7112601e-24,1.7029099e-24,-1.0663756e-24,-5.5554563e-25,5.0776097e-24,-7.5937904e-24,1.0438811e-25,2.403857e-24,4.474409e-25,4.351072e-24,6.280746e-25
Chen_mid,3.541105e-25,-7.4258125e-25,2.2150642e-24,-2.8035956e-25,-1.675875e-24,-5.999419e-24,-2.628838e-24,-4.334416e-24,-3.680639e-25,-1.2448023e-24,-1.4834761e-24,9.627721e-25,1.4743754e-25,9.529328e-25,7.771806e-25,-7.9663227e-25
Chen_offlane,1.9267502e-24,-5.9692513e-25,4.0420487e-24,-3.1237322e-25,-2.790962e-25,4.9820205e-25,-3.7142557e-24,1.5103196e-24,6.896304e-25,2.1051698e-24,-2.9650343e-25,-3.2178993e-24,-1.7670914e-24,8.507139e-25,2.03751e-24,1.5779403e-24
Chen_softsup,0.0036636854,0.0028755728,0.0046971105,0.00083223573,0.0007053987,-0.0014458925,-0.0031718933,-0.0045648795,-0.006093543,-0.0021184094,0.011374472,0.001693242,0.0008711548,-0.001173055,0.00016352627,-0.0058706757
Chen_hardsup,1.6735578e-24,-6.126412e-24,-8.7321364e-24,-3.333184e-27,-5.1646516e-25,-3.5730476e-25,-6.12246e-25,-3.298359e-24,-3.5215648e-25,1.2682882e-24,-1.267008e-24,5.375622e-24,6.0478826e-24,5.985452e-24,-3.2098046e-24,-1.7154534e-24
Chen_carry,-3.755795e-24,1.3029109e-24,-1.0265344e-24,1.8029629e-24,-1.1643546e-24,1.2129787e-24,-6.364848e-25,-1.7517307e-24,-2.0155507e-25,1.4304343e-25,-3.687214e-25,1.6308766e-24,8.698779e-25,2.6984607e-25,-1.5868543e-24,3.9977794e-26
Spectre_mid,-5.1515915e-24,2.9427576e-25,-1.9102886e-24,9.377902e-24,-1.2331156e-24,2.8302722e-25,2.8993115e-24,-3.9384448e-25,-1.4741558e-24,-1.1033403e-24,-2.5719074e-24,-3.3010486e-25,-2.0175632e-24,9.956506e-25,2.8954236e-24,1.0885004e-24
Spectre_offlane,2.0354686e-24,9.0267665e-24,7.622552e-25,-5.625509e-25,1.7005159e-24,-1.7283205e-24,4.6466278e-24,4.3096063e-26,-3.2346626e-24,-4.2266763e-25,2.2682676e-24,-2.7275808e-24,4.468446e-24,-3.4285623e-24,1.4210074e-24,-3.753798e-24
Spectre_softsup,1.7983144e-26,1.5896617e-25,-3.0757608e-25,-3.725802e-24,4.7266485e-25,-2.518232e-24,3.247546e-25,-4.8610102e-26,7.523624e-25,-4.3249107e-25,-3.5470567e-24,2.6865344e-24,9.753105e-25,-3.9253948e-25,6.1599486e-25,3.4343252e-25
Spectre_hardsup,1.0820346e-24,1.2341246e-24,1.2254772e-24,2.4888861e-24,-5.979771e-24,-8.000754e-24,-9.402953e-26,-2.8919828e-25,-7.431288e-25,1.447628e-24,-1.1896234e-24,3.2755344e-25,-1.5533566e-24,-1.6794868e-24,1.1635681e-24,-2.3606201e-24
Spectre_carry,0.004382433,0.0022371425,0.0033999863,-0.0015359705,-0.0003479577,-0.001368968,0.00030654462,-0.007717537,-0.002168957,-0.001742789,0.0052857967,-0.0020689198,0.002827507,0.0015813429,-0.003004301,-0.012184836
Ancient Apparition_mid,-1.2954141e-24,-3.716028e-24,1.5092899e-24,-2.640084e-24,3.5200973e-24,-8.8254923e-26,2.7876964e-24,-4.8812973e-24,2.372367e-24,1.3351517e-24,-8.101426e-24,-1.1318746e-24,4.8043207e-26,-8.190432e-25,3.9251313e-25,-3.7988023e-24
Ancient Apparition_offlane,-7.9865875e-25,1.3965018e-24,-2.3734044e-25,-1.0651986e-24,5.9103816e-25,-4.5667025e-25,-1.24287e-24,7.102997e-24,-2.1636914e-24,-2.5460402e-25,1.7511819e-24,3.476025e-24,-4.1759703e-25,-2.0299282e-24,-2.9425633e-25,-2.4931819e-24
Ancient Apparition_softsup,1.7528243e-24,1.4763513e-24,2.848185e-24,-2.2221305e-25,1.2669077e-24,2.2222197e-25,3.6019886e-24,2.4486986e-24,1.0278055e-24,8.723494e-25,4.5294906e-24,-7.632544e-25,6.231557e-25,-2.177835e-25,-3.3292928e-24,1.3495537e-26
Ancient Apparition_hardsup,-0.00191688,-0.004265253,-0.0014284819,-0.0014297387,-0.0029467775,-0.0020119015,-0.00037198723,0.0003499173,0.005946452,0.000119698685,-0.0024701068,0.0044547957,0.003963971,-0.0031958874,0.0035334846,-0.0008831963
Ancient Apparition_carry,1.2316702e-24,-1.4978699e-24,-5.626294e-26,-1.0732507e-24,-2.4973475e-24,-1.0680496e-25,7.2577286e-24,-2.7198794e-24,-3.4751177e-24,-3.2528946e-25,-2.2374326e-24,3.4062817e-24,-1.0810048e-24,1.6947862e-24,-4.2915942e-24,-3.5579477e-24
Doom_mid,6.644483e-24,-5.41113e-25,3.7470175e-24,-2.3241533e-25,-3.1301403e-24,5.9802283e-25,3.0491793e-24,-1.668515e-24,5.2646077e-25,6.061987e-26,1.6379005e-24,-5.297058e-25,3.9161568e-24,7.5356285e-24,8.214808e-25,-6.2900988e-24
Doom_offlane,-0.003927203,0.003349702,0.003540642,-0.0015055148,0.0020857812,-0.0008999923,-0.00070595596,0.003021158,-0.002862115,-0.0036916798,0.0018547958,0.0033633625,0.0005970162,0.0010683045,-0.0028581687,-0.003065254
Doom_softsup,5.4148328e-24,4.1962328e-24,3.9161943e-24,-2.7921798e-25,1.0324365e-24,-2.4056836e-24,-2.715785e-24,1.2961803e-24,6.1238237e-25,4.4717843e-24,5.3205044e-26,-2.679271e-24,-1.2408607e-24,4.357927e-24,-3.9478978e-24,5.3072195e-25
Doom_hardsup,1.41952325e-24,1.0800608e-24,1.5744068e-24,4.456395e-24,-1.1589935e-24,2.4051582e-24,-1.3819295e-24,5.3628953e-25,2.0644279e-24,5.572701e-25,-3.934136e-24,7.2168393e-25,5.746917e-25,3.406401e-24,-2.1131296e-24,-1.32985e-24
Doom_carry,-0.0010844741,-0.0019040869,-0.0038014492,0.0009760479,-0.0020316676,0.00067168195,-0.00033884283,0.002539991,0.0025352547,0.0029623783,-0.0031784857,0.00068983587,-0.0021592034,-0.0014368964,0.0005674616,0.0040056496
Ursa_mid,5.827794e-25,-2.2407296e-24,4.0207996e-24,-1.1040099e-25,-1.3474748e-24,-1.5989232e-24,3.8438388e-24,-9.694199e-25,1.2404823e-25,-8.604656e-24,1.6787567e-24,2.6431487e-25,-9.275058e-25,-2.1983751e-25,4.3681763e-25,6.1234386e-25
Ursa_offlane,-4.0485695e-24,-3.181911e-24,2.0303998e-24,-6.7279353e-25,4.6977598e-24,-3.3432146e-24,4.624608e-25,9.275561e-25,-3.2444875e-24,1.972179e-24,2.4599784e-25,7.055916e-25,6.073575e-25,-1.4107506e-24,-3.7174996e-25,-2.9847134e-25
Ursa_softsup,2.0530975e-24,3.172838e-26,-8.584501e-25,-2.9454843e-24,2.9192977e-24,-1.3775894e-25,-7.1228026e-26,1.2384046e-24,-7.053886e-26,3.2284428e-25,-9.9186366e-26,-1.3489078e-24,-1.2564201e-24,7.036167e-24,-4.214803e-24,5.9702004e-26
Ursa_hardsup,3.2363096e-24,2.0698444e-24,-7.043016e-25,-2.4459155e-25,-5.156275e-24,7.9027573e-25,6.6439394e-26,-1.1296165e-24,3.674796e-25,3.553141e-24,-3.7017574e-24,-1.7677939e-24,-2.1722841e-24,-1.1455944e-25,1.209311e-25,-3.843474e-24
Ursa_carry,0.0043358887,6.264547e-05,0.0045158085,-0.0006785302,0.00404388,0.0017219064,-0.00026206646,-0.013501478,-0.009923508,-0.0056836535,0.010901174,0.0012088704,0.0018813454,0.005047723,-0.003226547,-0.0064381883
Spirit Breaker_mid,5.570334e-25,1.0981634e-24,2.5154487e-24,-1.2409433e-25,-1.0372369e-24,-6.252679e-26,1.0523103e-24,7.82153e-25,2.7259175e-24,-4.778562e-24,3.1828205e-25,-4.1017856e-24,-7.7989885e-25,1.9631196e-24,-2.2983433e-25,9.793663e-25
Spirit Breaker_offlane,-3.7608894e-25,2.066883e-24,9.785924e-26,9.277124e-25,-3.3154124e-24,1.9695277e-24,-3.7741342e-24,-1.14390935e-24,-1.479653e-24,2.279243e-24,1.2601473e-24,1.5333577e-24,8.379786e-24,1.4410982e-24,3.9744863e-24,-1.089497e-24
Spirit Breaker_softsup,0.0014467377,0.0021863,0.012167153,0.002204211,0.005857866,0.0019862282,-0.0012917339,-0.007120611,-0.01336165,-0.015141882,0.01013543,0.005806819,0.0032482976,0.0044600563,-0.0019256473,-0.01577097
Spirit Breaker_hardsup,4.5211615e-25,2.7063084e-24,-7.486068e-25,7.1843347e-25,-8.4749e-25,-1.9390398e-24,2.0471021e-24,4.752814e-25,8.655902e-24,5.068422e-24,2.5222415e-24,9.738137e-25,5.0125902e-24,1.0214578e-24,-9.561851e-25,1.0931165e-24
Spirit Breaker_carry,-2.547086e-24,-3.2837686e-25,1.1858443e-24,1.2252223e-24,-1.7271273e-24,1.0022276e-24,3.6253885e-25,-9.931638e-25,2.654316e-24,-2.400772e-25,1.1231014e-24,1.0669008e-25,3.9597243e-25,1.0706426e-24,1.0291996e-25,1.2704807e-24
Gyrocopter_mid,-0.008405223,0.017069992,0.0088038165,-0.005215807,0.0066961823,-0.0039624274,-0.0005450387,0.011948431,-0.0070589683,-0.015912259,0.0017136099,0.0064685363,0.007878466,0.0051002954,-0.013550029,-0.01213712
Gyrocopter_offlane,2.8365081e-24,6.295655e-26,9.0451876e-26,4.8505317e-25,7.1135907e-25,1.1612025e-24,4.0462774e-24,1.8902934e-25,2.8106463e-25,3.864643e-24,-1.334058e-24,1.2735603e-24,-1.3075784e-24,-1.55053155e-24,2.7271945e-25,-1.6908297e-24
Gyrocopter_softsup,5.003725e-25,-2.266351e-25,-1.5751436e-24,-7.282377e-25,-1.8886794e-25,-7.632914e-24,9.4734503e-26,1.4602356e-24,-8.036543e-25,-1.0698654e-24,-1.775547e-24,-1.2445563e-26,-8.9782823e-26,3.7601094e-25,-2.2443414e-24,4.891672e-25
Gyrocopter_hardsup,1.45568345e-24,-1.5507378e-24,-2.1818808e-26,4.6854423e-25,3.3531377e-24,2.3533732e-24,-6.9249454e-25,-1.1815005e-25,2.3433344e-24,-3.103705e-24,3.1973566e-24,-1.4846151e-24,4.10113e-24,1.2731431e-24,9.784366e-25,1.9715971e-25
Gyrocopter_carry,5.1013067e-24,-4.5834254e-24,1.7399702e-24,2.503099e-24,-1.3949713e-24,3.2493619e-24,4.0317166e-24,1.6666193e-24,-3.29726e-24,6.2911756e-26,-1.2366317e-24,-1.4324637e-24,-1.1541161e-24,1.8970034e-25,-1.6998079e-24,4.8996225e-25
Alchemist_mid,5.076215e-24,-1.1532316e-24,6.3737752e-24,-7.772633e-24,-2.330639e-24,-2.735547e-24,-2.5966899e-24,1.4055961e-24,-7.714125e-25,5.933613e-25,1.3885068e-24,-4.2690573e-24,1.8548114e-24,-1.424197e-24,-4.875417e-24,1.0936417e-24
Alchemist_offlane,3.701473e-25,-2.6331702e-24,-5.9464315e-25,-7.284603e-24,7.609089e-25,-2.5119091e-25,2.8424926e-25,-2.762743e-24,2.9295918e-24,-6.633857e-26,4.492622e-26,4.59615e-24,6.139152e-25,-1.7988482e-24,1.6893111e-24,9.618947e-25
Alchemist_softsup,-0.00069314643,0.0047324304,0.005901925,-0.0019433745,0.0053090383,-0.00011856592,0.0017496048,-0.0015958956,-0.0023433454,-0.004970461,0.0040750448,0.0045632455,0.0009264267,0.004926337,-0.0032721425,-0.0013160219
Alchemist_hardsup,-4.8727223e-25,-8.7022126e-24,4.85126e-25,-3.0630276e-25,-6.914612e-24,1.20786615e-24,-3.7330614e-25,-3.870477e-26,-8.7261476e-26,-2.716554e-24,-6.023914e-25,-3.4299643e-25,2.8478362e-25,-1.0633822e-24,6.663869e-25,-1.0907464e-24
Alchemist_carry,-0.0035560965,0.007177667,0.008488916,-0.0042872843,0.007483345,-0.0019009477,0.0024149877,0.002623978,-0.0029775554,-0.0070577753,0.0048524453,0.006147457,0.0027272976,0.0067612017,-0.0057201744,-0.0023445904
Invoker_mid,-0.0017445931,0.005448785,0.0024813064,0.00015566827,0.001501693,-0.0038888322,-0.0019426768,0.005208207,-0.0017624168,0.0010560808,0.0050411224,0.006966158,0.0014841204,-0.0019271245,0.0016367858,0.0021595175
Invoker_offlane,6.170286e-25,2.5001738e-25,9.194403e-26,4.480598e-25,-1.3678641e-24,-1.5404627e-25,6.2035903e-25,-5.723023e-25,7.912759e-24,4.2275935e-24,-5.4621114e-25,3.3409553e-24,7.263696e-27,2.0295845e-24,-3.9338462e-25,-1.0708596e-24
Invoker_softsup,1.6784889e-25,9.997826e-27,1.5684772e-25,3.1809712e-25,1.8527916e-25,-3.678659e-25,2.1093703e-24,4.5266432e-24,4.411876e-24,-1.4435625e-24,-9.011407e-26,-2.0324774e-25,-3.6931292e-24,1.2582101e-24,-6.84432e-26,-2.5931672e-25
Invoker_hardsup,4.523304e-25,-4.0491102e-24,-3.8606344e-24,-6.505207e-25,-2.1629426e-24,6.3539305e-25,-8.709803e-25,9.7203835e-26,7.98626e-24,1.2593746e-24,4.135838e-25,1.2281716e-25,-2.1425786e-24,6.8834297e-25,-1.6685528e-24,-1.3030063e-24
Invoker_carry,4.697378e-25,1.174358e-25,-4.6151085e-25,3.0713372e-24,-1.8964011e-24,-3.016216e-24,-5.8317563e-25,2.9055126e-24,3.2186298e-24,-2.1037993e-24,2.4746857e-24,6.084017e-25,-1.17068e-24,4.8552768e-24,-1.82007e-24,7.865733e-25
Silencer_mid,7.471906e-25,-2.003422e-24,-2.32372e-24,-2.6402092e-24,-4.8404673e-25,-9.315944e-25,2.539753e-24,-1.128137e-24,-3.1676848e-24,-2.709829e-25,-2.188593e-25,-3.2175907e-24,-1.2504634e-24,8.582334e-25,1.8672241e-24,8.461663e-25
Silencer_offlane,-3.8026145e-25,2.872765e-25,2.4660083e-25,-4.346452e-25,1.2272126e-24,-4.708418e-24,9.73798e-24,-2.8277054e-25,4.134842e-25,9.876573e-25,-4.8994545e-24,-1.7878854e-24,-4.960516e-24,-5.183508e-24,-2.237454e-24,1.0008049e-24
Silencer_softsup,3.5102032e-25,-3.240514e-25,3.2459112e-26,-5.5574557e-24,2.9580253e-24,-1.4363791e-24,-4.06097e-25,-1.1668446e-24,2.3721308e-24,-1.3667863e-24,-6.8782957e-25,-2.0898503e-26,-2.3095378e-24,1.0120186e-24,-5.2341982e-24,-2.9609166e-24
Silencer_hardsup,-0.0018102707,0.0060120705,0.011882757,-0.0021660635,0.009570547,7.0738024e-05,0.00051065197,-0.007573181,-0.01329275,-0.010311246,0.014563358,0.004521706,0.0025647928,0.010051206,-0.005338064,-0.007905113
Silencer_carry,2.8916572e-24,-6.517982e-25,-2.3043775e-24,-9.396254e-25,-1.1578003e-24,-4.0118922e-25,-3.428425e-24,-1.9102567e-24,2.5476864e-25,-1.2292685e-24,6.66669e-25,-3.0516118e-25,-2.927156e-24,1.3344093e-24,3.2900698e-24,3.553502e-25
Outworld Destroyer_mid,3.9271148e-25,1.3491966e-24,3.0967417e-24,-9.576813e-25,-3.597514e-24,1.9418026e-24,-5.318797e-25,-2.2107945e-25,4.276392e-24,-8.724545e-24,-6.147722e-25,1.4425002e-25,-2.44772e-25,-5.4774946e-25,2.9454688e-24,-5.4177606e-25
Outworld Destroyer_offlane,-2.3389428e-05,-0.004405157,-0.0054053767,0.0022878821,-0.0039498955,4.198887e-05,-0.0016746366,0.0010823035,0.0054921824,0.006947367,-0.00225627,-0.00012228834,-0.0007175865,-0.0059715635,0.0034509564,0.0048221964
Outworld Destroyer_softsup,3.348986e-05,-0.0046463916,-0.0053570447,0.0023913966,-0.0039544282,0.00010523464,-0.0016147929,0.0008578483,0.005539951,0.0070414403,-0.0022091074,-0.00014615554,-0.0007813395,-0.005973895,0.003716902,0.0048862672
Outworld Destroyer_hardsup,-1.123611e-23,-2.0290668e-24,-1.1392918e-24,-1.3928892e-26,8.2546967e-25,-1.182451e-24,2.959199e-24,-6.21522e-25,-6.1861794e-24,1.1422475e-24,-1.4965229e-24,3.0731195e-24,7.090988e-25,2.3884223e-25,2.3111311e-24,-4.877166e-24
Outworld Destroyer_carry,-6.178352e-05,-0.0042433324,-0.0054283245,0.0022187922,-0.003985635,1.1983807e-06,-0.0017128575,0.0012369764,0.005463547,0.0068790847,-0.0022855846,-0.00010473392,-0.00067639194,-0.005960227,0.0032768985,0.00477663
Lycan_mid,0.0006087667,0.0015153135,-0.0018186793,0.0013312108,-0.002755492,-0.0016402402,-0.0011180087,0.0011004996,0.0016753159,0.0015328717,-0.00114254,-0.002174175,0.0003121437,-0.0037858575,0.0008027006,-0.0029099793
Lycan_offlane,0.0006869641,0.0027596161,-0.00023640273,0.0011287507,-0.001582091,-0.0018905082,-0.001152202,0.00027742732,-0.0010597644,-0.0011983325,-0.00027636095,-0.0017016232,0.0013022841,-0.0036111563,0.00096702436,-0.0056715235
Lycan_softsup,3.4546033e-25,-1.2959947e-24,-3.7598448e-24,-6.433091e-24,-4.3256557e-25,-5.464514e-24,1.05341675e-24,-1.1854209e-24,2.087667e-24,-1.7094732e-24,-7.700345e-24,-9.10995e-25,1.3659523e-24,-2.8852826e-24,-9.504418e-26,-1.4850393e-24
Lycan_hardsup,2.4096977e-24,2.4319588e-24,1.0028475e-23,3.6889475e-24,-8.75366e-25,7.231318e-25,8.509474e-25,3.2322787e-26,2.5137627e-25,1.1041519e-24,1.9384488e-24,3.0552908e-24,-8.2255735e-25,-3.210088e-24,-4.7573077e-24,7.0277424e-25
Lycan_carry,-2.403339e-24,1.689185e-24,1.0631261e-24,-2.9356283e-24,-6.4303433e-24,6.606576e-24,-9.372468e-25,-2.3820286e-25,4.55779e-24,1.4818848e-24,7.7105124e-25,1.1237119e-25,-1.7936447e-24,7.379575e-24,6.132891e-24,4.1661306e-24
Brewmaster_mid,-0.00010124524,0.0014497847,-0.0033795484,-0.0024903822,-0.0030351486,-0.0021301282,-0.00040675202,0.004252125,0.0017177219,0.0023541055,0.0003359857,-0.0016141549,0.0007850898,-0.00055755477,-0.005211314,0.0033559368
Brewmaster_offlane,1.239808e-24,5.39524e-25,-1.0818143e-24,1.648657e-24,2.9545217e-25,9.718255e-25,5.1254453e-25,-4.2452352e-24,-4.2145154e-24,-2.7894538e-24,1.4070773e-24,8.8308955e-24,3.536076e-24,5.3763442e-24,-1.0550033e-25,-6.1960066e-24
Brewmaster_softsup,-7.038e-05,0.0014431186,-0.0022003346,-0.0023536626,-0.0019981542,-0.002073897,-0.00039535432,0.003432413,0.00016714822,0.0017296554,0.0017437426,-0.0007946396,0.001120188,-0.0001392787,-0.004721426,0.0026736583
Brewmaster_hardsup,-2.5571518e-24,7.5058044e-25,3.1515743e-25,1.8016587e-24,2.9433919e-24,1.0552372e-24,2.9990184e-24,7.664663e-24,-2.615675e-24,-2.9576147e-24,1.7812588e-25,-1.2432831e-24,-1.2586798e-24,-2.9657916e-24,2.343752e-24,-3.3161835e-24
Brewmaster_carry,-0.00010390147,0.0014914944,-0.00041584487,-0.0022572381,-0.0005254217,-0.0021649022,-0.00030055214,0.0024257908,-0.0016680083,0.00080299366,0.0034832018,0.000255974,0.0017084713,0.00044141442,-0.0038513937,0.0015680299
Shadow Demon_mid,-2.0606895e-24,1.2214155e-26,1.849738e-24,-4.926082e-24,2.7747108e-24,-3.7500337e-24,3.8984074e-24,6.879938e-25,-2.2423178e-24,-4.1874315e-25,4.2853508e-24,1.6328129e-25,-1.5408913e-25,-3.448366e-25,-2.610702e-24,1.5025201e-24
Shadow Demon_offlane,3.821621e-25,2.1833552e-25,6.872783e-26,6.319889e-25,3.3869802e-25,-5.1922233e-24,-8.737968e-25,4.1203462e-25,-7.47152e-25,-5.035368e-25,-2.4463898e-24,4.0937217e-25,-1.9765028e-24,4.3220166e-25,5.693501e-24,9.4979e-26
Shadow Demon_softsup,0.0054192017,0.00060432067,0.0017205668,-0.00035904083,-0.0019715978,-0.00094966334,-0.0033671584,-0.003913162,0.0007960387,-0.0027395913,0.003605653,0.0006903314,-9.120329e-05,-0.0008898157,-0.0026858817,-0.002133474
Shadow Demon_hardsup,0.0023279584,0.006265338,0.009192515,-0.004260952,0.0042237774,-0.0026813236,-0.0009783115,-0.0040327706,-0.00400481,-0.010570216,0.006074886,0.001215989,0.0037948808,0.0056763254,-0.007762523,-0.007885166
Shadow Demon_carry,-1.0416506e-24,-9.111463e-25,-1.424955e-25,4.9548618e-24,-3.9316425e-24,-2.8384075e-24,-8.228746e-24,2.4088562e-24,-4.896279e-24,-2.5285366e-24,3.2416184e-24,7.66608e-24,1.9782511e-26,2.6147244e-24,2.5035037e-24,-6.8807653e-25
Lone Druid_mid,0.0006386616,-0.0004437328,0.0007217048,0.0011108175,0.00018656049,0.0020338614,0.00026108627,-0.0030063593,-0.0019850463,-0.0014475058,-0.0004499738,-0.0013680772,-0.00022990973,0.0010802636,0.0006730823,-0.0014369827
Lone Druid_offlane,-0.00033497906,0.0011799505,0.0018550972,0.00017939245,0.0015796107,0.0015046085,0.00065070105,-0.0017992767,-0.0023970965,-0.0027656443,-0.00025912537,-0.0010478615,0.00035080547,0.0021091965,-0.0006449817,-0.002264184
Lone Druid_softsup,1.2413656e-24,6.570223e-26,-2.9076009e-24,4.4671517e-24,3.4202555e-24,-8.544938e-24,-1.48008065e-24,1.0222535e-24,-4.781312e-25,-1.5254151e-24,-5.0539133e-25,1.0997151e-24,-1.4680337e-25,4.524703e-24,-3.6192725e-24,3.4152696e-24
Lone Druid_hardsup,-9.555145e-25,1.3962487e-24,4.0335744e-24,5.3739126e-24,4.811827e-24,-1.6342112e-24,1.2828995e-24,2.3657956e-25,-1.9611983e-24,2.1584988e-24,-8.215935e-25,-2.412695e-24,-5.4970845e-24,-6.8697755e-25,-1.5779784e-25,-3.655839e-24
Lone Druid_carry,0.0011099471,-0.0012970143,0.00022825008,0.0016214694,-0.0003866481,0.0022052506,5.7713834e-05,-0.0036906893,-0.0018555373,-0.0007803406,-0.0003573628,-0.0014503341,-0.00046410874,0.0005106531,0.0014274505,-0.0010283013
Chaos Knight_mid,-2.0004327e-24,3.0039155e-25,-1.2114954e-24,3.569652e-24,-1.7851463e-24,-4.501505e-25,-5.1447765e-24,2.8812442e-25,-1.0278752e-24,1.7342192e-24,1.0905047e-24,-4.087315e-26,5.4547207e-25,-3.2424377e-25,4.440459e-24,3.1860776e-25
Chaos Knight_offlane,-0.00021438656,0.000978383,-0.00066645886,0.0018215289,-0.0012252047,0.0028040318,-0.0013228117,0.0019385378,-0.0005487556,-0.0029065795,-0.003936305,0.00052251277,-0.0014311499,-0.0019086485,-0.00014432229,-0.00035844417
Chaos Knight_softsup,-2.1626714e-24,-2.3943626e-24,3.4803848e-25,-6.1446846e-25,-8.126352e-26,1.0193851e-23,1.1307228e-24,8.961996e-25,-1.8408264e-25,3.116621e-25,-1.4175531e-24,-9.684332e-25,1.7150605e-24,1.6015291e-25,-1.5466027e-24,4.964054e-25
Chaos Knight_hardsup,-6.5791425e-24,2.5865887e-24,4.4079792e-24,-3.0059367e-25,1.5829104e-24,5.951332e-24,-1.0170265e-24,-8.0866876e-25,1.1602097e-24,-2.527217e-25,2.6565936e-24,-1.2644009e-24,3.265517e-24,-2.6525046e-24,5.769925e-25,-4.3395242e-24
Chaos Knight_carry,-0.0016350541,0.00068882597,-0.001427749,0.0021891454,-0.0015453447,0.004211724,-0.00088824326,0.0032405257,0.00021788006,-0.0031832987,-0.006718845,0.00052008044,-0.0027929868,-0.0015266733,6.673444e-05,5.3439813e-05
Meepo_mid,0.0027263768,-0.007902163,-0.006521693,0.0024220946,-0.0054388545,0.0007060318,-0.0012831929,-0.001655518,0.004712152,0.0074895397,-0.0013697362,-0.0025108196,-0.0031203327,-0.005785656,0.006350864,0.006407964
Meepo_offlane,-2.4587737e-24,3.7254714e-24,5.576975e-25,-2.1858505e-24,-7.465023e-25,-4.0179235e-25,-4.715606e-26,-1.4735665e-24,-1.3747922e-24,1.8983671e-25,6.003154e-24,9.885457e-25,1.8119624e-24,-5.717319e-25,-1.7924897e-25,-5.1238508e-24
Meepo_softsup,-3.0722018e-24,-2.2013696e-25,1.9057483e-24,2.7971844e-24,2.6334195e-24,2.512386e-25,-1.7978638e-25,2.0716148e-25,1.6365236e-24,1.1198792e-24,-5.8872346e-24,-3.1787405e-24,-1.1509116e-24,4.1282856e-25,1.2182034e-25,8.273344e-25
Meepo_hardsup,-9.048698e-25,-1.6096412e-24,8.1119306e-25,4.269978e-25,-1.8472874e-24,1.7874827e-24,7.8276695e-27,2.3059519e-24,-9.789334e-25,-1.784496e-25,-3.2453041e-24,2.680594e-24,-2.767643e-25,3.4532867e-24,2.0215604e-24,4.3734543e-24
Meepo_carry,0.002893734,-0.0056629004,-0.003694831,0.0014575906,-0.0027079782,-0.00034224754,-0.00071917666,-0.0026143712,0.0024391217,0.0050266758,0.00074904616,-0.0014406409,-0.0015354488,-0.0038028043,0.004869462,0.003561319
Treant Protector_mid,4.8696096e-24,-1.1797474e-25,-7.007313e-25,-1.0272854e-24,-1.019547e-25,-2.1523527e-26,4.8811695e-25,3.4964463e-25,9.072591e-27,-3.8912607e-24,-1.9302294e-24,1.8696244e-24,1.601743e-24,-5.3610607e-25,3.7231923e-24,1.4017124e-24
Treant Protector_offlane,-5.7603976e-24,-2.7977992e-25,-1.792792e-24,2.1612272e-24,7.051955e-25,-5.1747414e-24,5.8740902e-24,4.146872e-25,-3.870395e-24,-3.5207518e-25,8.95992e-25,1.2938981e-24,-2.2456125e-24,6.121269e-25,-2.2123367e-24,-2.1222816e-24
Treant Protector_softsup,-0.0036438976,0.0019091422,-0.0038316334,-0.00050383405,-0.0022203578,0.00071436854,0.00016715238,0.006122212,0.0046212045,0.0022552288,-0.006349606,0.00085157424,-0.0012085733,-0.0006356711,-0.002023088,0.0013177607
Treant Protector_hardsup,-0.0049916958,0.0034742253,-0.0023195907,-0.0014672895,-0.0007600845,-4.2052532e-05,0.0012672481,0.007096681,0.004513569,0.001248594,-0.0064118383,0.0004652338,-0.00015502138,0.00044314866,-0.0019103664,-0.000640044
Treant Protector_carry,2.5717485e-24,1.681829e-24,-1.4945725e-24,4.7126407e-25,-5.3932586e-25,7.2876543e-25,1.3149651e-25,-2.7879077e-25,-1.4237452e-24,-7.596849e-26,-1.8719843e-24,3.7174175e-24,4.7081065e-24,1.8044235e-24,-3.41016e-24,-8.1758964e-25
Ogre Magi_mid,-6.352255e-24,-1.1416087e-25,4.6558555e-24,1.8644394e-24,1.0321074e-24,-4.8522326e-25,1.3304986e-24,1.6592486e-24,-2.6315414e-26,9.776845e-25,2.0978992e-25,-1.983172e-24,2.3258542e-24,4.5225273e-24,5.61495e-24,-2.1981829e-25
Ogre Magi_offlane,-7.2927923e-25,-4.0111782e-24,3.2440015e-24,5.0370627e-24,1.7137376e-24,-4.2956553e-25,3.374678e-26,-1.4850503e-24,3.592718e-25,7.9566453e-25,3.80699e-25,4.08935e-24,5.7798833e-25,-1.4171372e-24,-3.8131244e-25,8.9685695e-26
Ogre Magi_softsup,0.0051125055,0.004990477,0.0003620869,-0.002555914,-0.00098377,-0.0037343313,-0.00056635606,-0.0017835295,-0.0035939578,-0.0035113734,0.005072151,-0.0015698934,0.0048861746,-0.0015404667,-0.0033571234,-0.011450072
Ogre Magi_hardsup,0.005102955,0.0046142377,2.042123e-05,-0.0024211411,-0.0010014225,-0.0033922647,-0.00079933385,-0.0020128721,-0.00345971,-0.0031915107,0.0048912703,-0.0014322329,0.0045298766,-0.0015339019,-0.0030420173,-0.010833596
Ogre Magi_carry,-1.1169219e-24,1.9481689e-25,-1.824488e-24,-2.0870021e-24,4.752954e-24,-3.210622e-24,-3.0687072e-24,6.9124745e-25,-2.8582071e-24,-7.447909e-25,4.907256e-24,-3.1471643e-24,-8.829623e-25,3.1417312e-24,-1.1040497e-24,-7.293023e-25
Undying_mid,-1.6735193e-24,-7.034397e-25,8.914266e-26,-3.7801653e-25,-2.475474e-25,3.512277e-25,5.244047e-24,1.2937997e-24,3.341222e-24,1.3829738e-24,5.942214e-24,-7.6202297e-25,6.3932826e-24,-3.2060303e-24,4.190911e-24,2.1763418e-24
Undying_offlane,8.622933e-25,-2.3807945e-25,-6.219843e-26,3.452277e-24,-3.2660313e-24,-7.7115897e-25,9.629231e-25,1.2656518e-24,-1.8900395e-24,-5.7078287e-25,-5.0922498e-24,-8.980937e-25,7.1374276e-25,-2.0533832e-24,-8.981181e-25,-1.6201748e-23
Undying_softsup,0.00096075184,-0.001723364,0.003013189,0.0002862521,0.0018829355,0.0005571298,-0.0011033777,-0.004580108,-0.0081222365,0.00079829426,0.009863487,0.0038320387,9.964284e-05,0.0035482338,-0.0003251307,0.0039999704
Undying_hardsup,0.0016827027,-0.0010261325,0.004737019,-0.00032346044,0.00385947,0.000119160824,7.104887e-05,-0.0057100975,-0.0062160757,-0.0021678058,0.0066177566,0.0015547703,0.00087733916,0.0046746894,7.300796e-05,-5.952984e-05
Undying_carry,1.8000204e-24,-8.927417e-25,9.731859e-25,9.7979885e-24,-6.487521e-25,2.784785e-25,-2.7681324e-24,1.6353816e-25,-6.1550383e-24,-2.1422169e-24,3.2767379e-24,-1.0351581e-25,-2.462582e-25,-1.9360171e-24,9.608899e-25,5.0484297e-24
Rubick_mid,-0.005413443,-0.00063862104,-0.0052660513,0.0028652733,-0.006062308,0.0007120873,0.00040457048,0.008263883,0.00605896,0.0069081117,-0.0074799177,-0.003114281,0.0003260047,-0.0042557893,-0.00037380055,0.001013109
Rubick_offlane,-3.4649145e-24,-1.1042157e-24,1.2863328e-24,5.0376795e-25,-7.8992306e-25,2.6646208e-25,-2.9564957e-24,-9.0815e-26,-2.2723915e-24,-2.3596642e-25,2.25037e-24,-6.924316e-25,-8.0124563e-25,6.218819e-25,3.6126773e-26,-4.730797e-25
Rubick_softsup,-0.0046629426,-0.002261318,-0.0056132623,0.002722162,-0.007782461,0.00059601804,-0.0006548569,0.008150603,0.0064340383,0.008124498,-0.007451711,-0.00339538,0.00023350009,-0.004991165,-0.0003889458,0.0019381684
Rubick_hardsup,-0.0056356704,-0.0002638328,-0.0052210037,0.0030530642,-0.0058478042,0.00065293966,0.0008084775,0.008236606,0.006079622,0.0067072464,-0.007577306,-0.0031341878,0.00025084912,-0.0041565006,-0.00012854632,0.00087217655
Rubick_carry,1.451364e-24,6.865923e-24,5.2794536e-25,1.1530399e-24,7.453376e-25,3.9307568e-25,-2.4542818e-24,2.2514674e-24,1.9369156e-24,-3.7897307e-25,3.2660514e-24,-7.94242e-24,9.150398e-25,-1.991619e-24,8.340805e-25,-4.8481877e-24
Disruptor_mid,-1.7827296e-24,8.520844e-24,4.5480957e-25,1.454476e-24,2.1333806e-26,-6.5682294e-25,2.317266e-24,3.9106186e-24,1.2091495e-24,-1.0518336e-25,-6.155047e-25,-1.3540734e-24,6.48108e-24,2.5427525e-24,-4.4447666e-24,-1.0387358e-24
Disruptor_offlane,-6.5213405e-26,4.7350563e-24,-3.2258613e-24,-1.1108838e-23,-1.7457531e-25,2.952013e-24,-4.2629797e-26,-1.7662538e-25,9.043173e-25,1.2204818e-24,-6.2342967e-25,1.7452966e-24,-6.3946677e-25,-5.383966e-26,-3.935495e-25,-1.1015735e-24
Disruptor_softsup,-0.0030494574,0.006163856,0.0019806202,-0.0029710757,-0.0012224771,-0.003909795,-0.0032679078,0.006491589,-0.0007852375,-0.0013270476,0.0034152663,0.0047798883,0.004790083,-0.0015464867,-0.005152302,-0.0029200783
Disruptor_hardsup,-0.0021300628,0.006876594,0.00020677599,-0.0033498,-0.002493456,-0.0049718907,-0.003406125,0.006007643,0.0013736786,2.6913025e-05,0.0016276967,0.0038907467,0.0054250006,-0.00322448,-0.006147921,-0.0031417336
Disruptor_carry,1.5930668e-24,-1.695625e-24,4.583008e-24,1.3693138e-24,6.4722887e-25,1.5320616e-24,-3.1061666e-24,3.7562243e-25,-1.6157609e-24,-4.875251e-25,4.574906e-25,1.4335546e-24,-1.4501334e-24,1.8779544e-24,-3.5742014e-24,3.6780171e-25
Nyx Assassin_mid,-3.4916553e-24,-6.2988403e-25,-3.6644194e-24,-9.181282e-24,2.9898834e-24,-4.116386e-24,1.1615824e-24,-6.9124805e-24,-3.541943e-24,-3.2186782e-25,-2.9254603e-24,-1.3887498e-24,-6.1667377e-25,-4.4388695e-25,-1.1828591e-25,2.348141e-24
Nyx Assassin_offlane,-1.915219e-25,6.848024e-26,-5.4553234e-24,3.87253e-25,-2.7791063e-24,4.398934e-24,-6.822078e-25,-4.307808e-25,-4.328845e-25,7.0659194e-24,4.1981753e-24,-2.08862e-24,4.900676e-24,3.8090796e-24,-7.9517376e-26,-1.1512778e-24
Nyx Assassin_softsup,0.0046491544,-0.00827832,-0.007081848,0.005485218,-0.0050383294,0.004640867,-0.0038040504,-0.009465227,0.0046199183,0.011196569,-8.519602e-05,0.0021308616,-0.006625,-0.006880682,0.0071583153,0.009493961
Nyx Assassin_hardsup,3.8690113e-24,1.5147841e-24,-1.0047293e-24,1.324213e-25,4.2847054e-25,-2.558206e-25,-6.69522e-26,5.294045e-25,3.0460874e-24,1.9128059e-24,-1.0203017e-24,-3.1715214e-24,9.806881e-25,4.3605277e-24,3.4678006e-24,-1.0826631e-24
Nyx Assassin_carry,3.1392601e-25,-5.277515e-26,-1.3222886e-24,1.7915879e-25,3.8530821e-25,-1.0867551e-24,-4.0178248e-24,1.73705e-25,-1.7035228e-24,-2.7556538e-25,-3.4716423e-24,-1.1457671e-23,-4.3778176e-25,-2.9294876e-24,2.5700942e-24,-1.0331059e-25
Naga Siren_mid,-3.439238e-24,-1.0649061e-24,-4.9178322e-24,-7.046584e-25,-5.006057e-26,-5.202597e-25,-1.1110488e-24,5.2618537e-24,2.8473396e-24,3.8829928e-26,-9.516422e-25,-3.9148264e-24,-9.2039064e-26,-3.74278e-26,2.4277404e-25,4.6910123e-24
Naga Siren_offlane,-1.4136762e-25,-1.0082338e-24,3.086031e-24,-3.9110966e-24,3.269794e-26,-9.829839e-25,2.0058922e-24,2.2704192e-24,8.864781e-25,4.487546e-25,2.3540255e-25,4.1146586e-24,9.366452e-25,8.1915356e-25,-2.7606182e-25,-2.6813388e-24
Naga Siren_softsup,-3.822669e-24,2.953375e-25,1.8575024e-24,2.5135004e-25,3.9784504e-24,-5.243577e-25,-1.5665036e-24,-1.4888827e-24,-5.499496e-25,3.1083413e-24,-1.9415995e-24,9.733017e-25,1.9769966e-25,-3.74311e-24,-1.4472267e-24,1.414095e-25
Naga Siren_hardsup,5.8453288e-24,2.8521601e-25,-7.245589e-24,2.0019329e-25,7.361717e-24,-4.162448e-25,-1.0253617e-24,6.6886333e-25,-3.2670763e-25,1.5108185e-25,1.0955219e-24,-7.716873e-25,1.4227019e-24,5.95914e-24,7.319336e-24,1.6631637e-24
Naga Siren_carry,0.0013409117,-0.0016341608,-0.0016175623,0.001905085,-0.0028987029,-0.0016903557,-0.0016795308,0.0008142032,0.0053175394,0.0021964028,-0.0026826807,0.0007461841,-0.0016854092,-0.005191944,0.0047434545,5.786764e-05
Keeper of the Light_mid,-0.00080059975,0.0011221186,0.0021072712,-0.00016224085,0.0017489512,-0.0003435245,0.0014749046,-0.0018905008,-0.005356614,-0.0015391115,0.0018172509,-0.0020965778,0.0014934035,0.0025978717,-0.00023318369,-0.001982214
Keeper of the Light_offlane,7.074406e-25,-3.7798554e-24,4.745079e-25,1.9079277e-24,-1.9844491e-25,-1.9572562e-24,2.4305136e-24,3.0252814e-24,2.6574172e-24,3.526859e-24,-2.6669784e-24,9.667013e-25,-6.0062686e-24,-8.430253e-24,3.7019625e-24,1.9142689e-25
Keeper of the Light_softsup,-0.001158478,0.0017954834,0.00037046467,-0.0008386443,5.0984687e-05,-0.0016849864,0.00047086974,0.0009535935,-0.0020079026,-0.0011856538,0.0010158552,-0.00082909456,0.0022991153,0.0007498538,-0.0014432318,-0.0018884547
Keeper of the Light_hardsup,-1.8316684e-24,7.2474245e-24,1.1749968e-24,3.300345e-26,2.9334286e-25,-2.9214759e-25,-1.8760516e-24,-5.464331e-26,-1.0651736e-24,7.971322e-25,-2.9905575e-24,-4.8289576e-24,1.4539203e-24,3.4349532e-24,1.7455429e-24,6.630797e-25
Keeper of the Light_carry,-2.3002916e-24,3.3002124e-24,3.4664154e-24,3.8347692e-25,-4.1103148e-24,-4.976338e-24,2.495038e-24,-1.8713473e-24,-3.3456577e-26,1.5347877e-24,-2.0293898e-25,2.0283724e-24,5.4422027e-24,3.580327e-24,4.2850502e-24,9.832733e-25
Io_mid,-6.6507832e-25,-7.89033e-25,3.449106e-24,-3.2791175e-24,5.328672e-25,-2.831907e-24,1.5757536e-24,-1.9931395e-24,5.6454898e-24,5.1451827e-24,4.6098157e-25,4.464188e-24,-7.1534025e-25,-3.3009287e-24,-1.3500314e-25,1.7053225e-25
Io_offlane,4.452343e-25,-2.5472023e-24,4.8604974e-25,-7.9303324e-25,4.73184e-25,-4.424554e-24,1.0912735e-24,3.7563403e-24,-6.6690755e-25,-9.751687e-25,-3.8601942e-24,-4.08068e-24,-1.0276549e-24,-1.46093e-25,-1.7435072e-24,2.0735193e-24
Io_softsup,6.9861453e-25,1.1836517e-24,4.0555808e-25,1.8892524e-24,-2.5656725e-24,6.945837e-24,4.4479496e-24,-1.3223233e-24,1.3562778e-24,-4.9180054e-25,-1.5761537e-25,-5.597602e-25,5.222137e-25,4.5460985e-24,2.7098595e-24,-9.590409e-25
Io_hardsup,-0.0027697068,5.4596632e-05,-0.004641564,-0.00010058811,-0.0049184533,-0.0016690997,-0.00017210204,0.003839711,0.005652706,0.0004961322,-0.007277646,-0.0017701469,0.0012556638,-0.0045416118,0.00015210873,0.0007465596
Io_carry,-0.0021261403,-7.561059e-05,-0.004088004,0.0006415001,-0.0028405292,0.00021825128,0.00054796983,0.0048065586,0.00285642,0.0019899996,-0.004767415,-0.0018348657,-0.00046904403,-0.0022202753,-0.00086453964,0.0026704127
Visage_mid,-0.00039659868,0.00028392722,0.0025024624,-0.0021882453,0.0037619115,0.0019460785,0.00095192844,-0.003708871,-0.0066564493,-0.0043147947,0.00033835217,-0.0012668882,0.0023884252,0.0044981553,-0.0007043448,-0.0021009091
Visage_offlane,-0.00024240094,-0.00030581295,0.0017886357,-0.0018747983,0.003162275,0.0024680782,0.00046432373,-0.0038986178,-0.0064574205,-0.0035278131,0.000107353335,-0.0008355502,0.001954013,0.0043994607,-0.00073739316,-0.0012951355
Visage_softsup,-3.1251356e-24,5.707872e-25,8.901984e-25,-9.918049e-25,2.5726586e-25,-4.113676e-25,-1.9612463e-24,-4.3506353e-24,-4.1233523e-25,-2.0650093e-24,-3.0481684e-26,3.1578126e-24,4.666895e-24,-3.869734e-25,-5.83714e-24,6.104569e-25
Visage_hardsup,-1.7622147e-24,1.1198955e-24,-1.9401901e-25,-4.0434934e-25,-1.458973e-24,3.5433909e-25,1.8983723e-25,2.786013e-24,4.068462e-25,1.885952e-25,-9.305457e-25,-5.1654617e-25,9.250101e-25,1.073465e-24,-6.5574965e-25,-2.3351162e-24
Visage_carry,2.6546806e-24,1.2671904e-24,9.839184e-24,-2.748764e-25,1.923693e-25,1.0022503e-24,-3.4781217e-24,1.3641355e-23,-1.0976623e-24,1.3280709e-24,-1.9695106e-25,3.4494994e-24,8.381677e-26,5.120725e-25,-5.957051e-24,1.5281421e-24
Slark_mid,-4.677758e-25,-8.874588e-25,-1.16900595e-23,1.0965558e-24,2.5954867e-25,3.5357775e-24,-2.5748877e-24,-6.0667476e-25,-1.7648238e-24,-3.3457965e-24,2.8807879e-24,6.7678645e-25,7.2384013e-25,-1.8742233e-24,2.407491e-24,1.3934883e-24
Slark_offlane,-0.0024073813,0.0041307695,-0.0030004904,-0.0037486318,-0.0021988647,0.0012816938,0.0011402837,0.002882664,0.0031638257,-0.00813711,-0.009497318,-0.0027670015,0.0013855526,0.0024057059,-0.008989077,-0.0046057533
Slark_softsup,1.3912853e-25,1.440174e-25,-8.725598e-25,-9.177509e-27,2.835647e-25,3.6809749e-25,-1.6824589e-25,-9.485487e-25,3.6314886e-25,1.8891077e-24,2.596552e-24,-2.3717653e-24,6.084693e-24,-2.3107669e-25,-1.4331511e-24,-3.4012357e-24
Slark_hardsup,5.4999644e-25,-1.5036695e-24,-2.3990274e-24,-5.581847e-25,5.203779e-25,7.442607e-25,3.0795232e-26,2.0680766e-24,-1.4654312e-25,-2.0590364e-24,3.5645855e-24,3.3849681e-25,3.8312596e-24,8.709567e-26,-1.2362105e-24,5.1329325e-25
Slark_carry,2.5750757e-25,-2.0284791e-24,2.0446058e-24,-7.123194e-25,-3.3155755e-25,1.354004e-24,-2.2878566e-24,-4.80987e-25,-9.821851e-25,-1.9256464e-25,-1.7814777e-24,-3.7123423e-24,-1.5881721e-24,5.9625613e-25,-3.1653123e-24,1.8629355e-25
Medusa_mid,-2.2042766e-25,-2.2986433e-24,-5.9510326e-25,-3.4278255e-24,-2.125344e-25,-4.0395753e-25,1.0644951e-24,1.1262772e-25,2.1351282e-24,3.273033e-24,6.0547906e-24,3.2037302e-24,3.0769147e-24,-5.0117122e-26,-1.850093e-24,1.3737321e-24
Medusa_offlane,-1.7483372e-24,-2.4723734e-25,1.1967022e-24,-3.046412e-24,-1.0925425e-24,-3.281718e-24,-8.852568e-25,3.7580947e-24,-3.0636614e-24,-2.3029757e-24,-5.901636e-25,-2.2838783e-25,-3.0283239e-25,5.8489983e-25,-3.8558362e-25,-2.0004692e-24
Medusa_softsup,-2.5243517e-24,3.0160876e-24,4.4542893e-25,-7.1604565e-24,3.301614e-25,2.5244629e-25,-3.3958204e-25,5.7368393e-26,-2.8637215e-24,1.0752434e-24,2.736185e-24,-3.439304e-24,-1.7084261e-25,1.8798244e-24,1.0211422e-24,-1.621023e-25
Medusa_hardsup,-6.88361e-24,-3.4202157e-24,1.2856313e-24,-2.8280723e-24,-5.5323017e-25,-1.5607039e-24,3.9857446e-24,4.3653208e-24,-3.03507e-24,-3.7386574e-25,-9.199607e-26,-7.67419e-25,-2.4044043e-24,2.0243831e-24,7.770815e-26,-1.28446415e-24
Medusa_carry,-7.889241e-05,-0.0034392676,-0.00040617812,-0.00054803694,0.00094533607,-0.001542219,0.0021690896,-0.001186392,-0.0013885626,0.004716008,0.0039704195,-0.00041209802,0.0018281757,0.0021097423,0.0017895616,0.0033658787
Troll Warlord_mid,8.2592933e-25,-1.5016253e-25,4.631279e-25,-3.9648563e-24,4.4743416e-25,-5.7309345e-24,1.7298128e-24,-4.6386978e-24,-9.579007e-24,-3.6614363e-26,1.8733823e-24,1.35175e-24,-1.3910586e-25,6.4145515e-25,1.8704363e-25,-1.6740886e-25
Troll Warlord_offlane,-9.896998e-25,3.3956904e-24,-1.7235059e-24,2.399486e-25,-3.202886e-25,-4.3754145e-25,2.658412e-25,-2.561649e-25,-1.0638452e-25,9.221434e-25,6.084372e-25,1.2396649e-24,-9.447156e-25,2.70068e-24,3.5544104e-24,1.0430757e-24
Troll Warlord_softsup,-9.552492e-25,-1.0501799e-24,5.735857e-27,-2.2116847e-24,4.351561e-24,-7.636442e-24,-8.816008e-25,-1.3003709e-25,-1.3759099e-24,-1.8629075e-24,-6.3629063e-24,3.3047284e-24,2.506447e-25,7.2223805e-25,-1.8674385e-24,9.579021e-25
Troll Warlord_hardsup,-2.323389e-25,1.7696029e-25,-1.8663485e-24,-2.2537965e-24,9.583428e-25,-6.964636e-26,1.9972092e-24,-1.3858811e-24,-1.5895868e-25,-6.917477e-25,-3.3270315e-25,-1.2855243e-24,-2.0027656e-24,-3.1332076e-27,3.1400346e-24,-2.646544e-25
Troll Warlord_carry,-0.00068702083,0.0013874811,-0.0014578733,-0.002157823,-0.0021665292,-0.00089376373,-0.0006691694,0.002608597,0.0027733739,-0.001600144,-0.0013890088,-0.001002289,0.0006951685,0.00019386885,-0.0035038914,2.6410307e-05
Centaur Warrunner_mid,-1.7908888e-24,-1.800708e-24,-6.606132e-25,-2.582312e-25,3.8729353e-25,-1.0464579e-24,6.319082e-25,1.8983567e-24,3.313126e-24,3.1588353e-24,-6.0392104e-25,8.398152e-25,7.530318e-24,-1.2855771e-24,3.9201215e-25,-2.0499975e-24
Centaur Warrunner_offlane,0.0041269595,0.0014139267,-0.009234881,0.00048694975,-0.0032997644,0.0018976041,0.00038589892,-0.0036317226,0.0044976505,0.004003137,-0.008459272,-0.005900965,-0.0022112532,-0.0030696006,0.0006468877,0.0040559606
Centaur Warrunner_softsup,-3.251433e-24,4.93277e-25,-3.588103e-24,1.5854574e-24,6.8269255e-27,7.8097245e-24,-9.390367e-25,4.413611e-24,-3.0390718e-25,4.97292e-24,1.1573648e-24,2.164003e-24,2.8242192e-25,1.8529248e-24,-4.2835025e-24,-2.690109e-25
Centaur Warrunner_hardsup,-1.8796092e-24,3.7286035e-24,-1.0604127e-24,-1.8356914e-24,5.2996863e-24,7.9316557e-25,1.0958683e-25,-2.7946063e-25,8.105683e-25,-1.56586e-25,3.662501e-24,-1.2684998e-24,-2.982268e-25,-4.2994836e-24,-1.0950375e-24,-1.0767133e-24
Centaur Warrunner_carry,-0.00087120454,0.0023162682,0.00011265645,-0.0006234252,0.0043048114,0.0026595844,0.002243305,-0.0034129734,-0.0038938408,-0.003896086,-0.0013884812,-0.0004420834,0.0005778998,0.0049542505,-0.0031186806,-0.001792673
Magnus_mid,3.5386254e-25,-1.9616823e-24,-6.5923084e-25,3.0964707e-24,3.6500847e-24,3.4835983e-24,-1.6824766e-25,5.5385762e-24,8.386676e-25,-2.283579e-25,2.9924478e-24,5.732993e-25,7.6893245e-25,3.7590677e-25,-7.3791923e-25,4.4274755e-24
Magnus_offlane,0.000121282355,-0.011401303,0.0019455608,0.0019153242,0.0011767409,0.00033885898,0.002103331,-0.0061641294,0.002597999,0.005451404,0.0018551535,0.0005897555,-0.0025264479,0.00019620947,0.011842791,0.0077734734
Magnus_softsup,0.00089406216,-0.0036485228,0.0015484955,0.000461029,0.0017680178,-0.0009984458,-0.0012108735,-0.0021557875,-0.0014675715,0.0006356647,0.0050343215,0.0023001682,-0.00015303589,0.00041630227,0.00433097,0.0016395596
Magnus_hardsup,-2.040941e-26,-3.869344e-25,5.124905e-25,-8.0109195e-26,-5.74907e-25,-8.301839e-26,-1.7440285e-25,-5.72983e-25,1.9327715e-24,-2.621421e-24,-1.0157465e-24,2.1514347e-24,2.2474207e-24,2.156716e-24,4.0212512e-24,7.6113e-25
Magnus_carry,-3.1032334e-25,-6.879783e-26,-3.4821405e-24,-2.1051e-24,-1.3328848e-24,-9.498128e-25,7.607627e-27,3.600246e-24,5.264722e-24,-2.176967e-24,5.925187e-25,3.1282563e-24,1.4140637e-25,7.332477e-24,7.041266e-25,1.507856e-24
Timbersaw_mid,-3.6345534e-26,-2.6950658e-24,2.395941e-24,1.5202204e-24,4.01354e-24,-8.81572e-25,1.5148733e-24,8.935437e-25,5.744385e-25,-2.0486e-24,-7.516641e-24,1.7090435e-24,-4.129271e-24,-5.340545e-25,-2.0920845e-25,-5.2211755e-25
Timbersaw_offlane,-0.00649824,0.0018228086,0.010808041,0.0030945279,0.0024922248,-0.0030893665,-0.0012464366,0.0030367337,-0.004632056,-0.0015855302,0.011255031,0.005963079,0.003603796,0.0017652714,0.0013873123,-0.007062612
Timbersaw_softsup,2.1823407e-24,-2.1577046e-24,-4.287161e-25,1.8288896e-24,5.6520735e-25,-6.34219e-26,1.3892414e-24,6.0433017e-25,-1.2030162e-24,-1.4714917e-24,-1.6005426e-24,6.381524e-25,7.3221004e-25,3.4630634e-25,1.8875244e-24,-5.800294e-25
Timbersaw_hardsup,2.8598247e-25,5.116418e-25,-1.5526758e-23,-4.923755e-25,2.2688387e-24,7.3766694e-25,-6.5504367e-25,-3.6720035e-25,-2.36269e-25,-1.2496906e-24,2.790216e-24,-5.4521104e-24,6.1966673e-24,1.1707899e-25,3.428306e-25,6.1417515e-25
Timbersaw_carry,-8.577237e-25,1.798959e-24,4.1822126e-25,-1.8152306e-26,-6.408751e-24,-7.89831e-25,-6.010829e-25,2.9113894e-24,-1.9603975e-25,3.4147406e-24,-8.558216e-25,9.905995e-25,-4.589589e-25,-2.0283174e-24,4.4611154e-25,2.8558244e-25
Bristleback_mid,5.016217e-24,1.2340814e-24,-1.6077175e-25,-4.0450267e-24,1.8523984e-24,-1.6988832e-24,-1.6009796e-25,1.6884822e-24,2.209737e-24,5.211809e-25,2.1055252e-24,6.7774275e-24,-7.8584474e-25,1.3892385e-24,-3.4464347e-25,-1.1184158e-24
Bristleback_offlane,-0.0027996632,0.0044928137,-0.0052305637,-0.00045095544,-0.0060815164,-0.00034210653,-0.0017497682,0.008707889,0.007036872,-0.001598163,-0.011448621,-0.002662912,0.0011610085,-0.005474189,-0.0041825543,-0.0014719873
Bristleback_softsup,-6.9558565e-25,9.844104e-26,5.140271e-24,2.308746e-25,-1.1393227e-24,-1.3079109e-24,-9.566679e-25,-2.5251805e-25,-1.7641803e-24,2.7446431e-24,3.1543037e-24,1.553534e-24,1.6738322e-25,-3.1133425e-24,2.006929e-24,-3.6070207e-24
Bristleback_hardsup,-4.7696885e-24,1.5226992e-24,4.929614e-25,2.2095404e-24,-8.226824e-24,-1.7562042e-25,5.4267304e-24,1.0514932e-24,8.797427e-25,-1.5062586e-23,-6.009853e-24,5.5280084e-25,1.0522192e-25,1.7005751e-25,-8.386284e-25,1.1058174e-24
Bristleback_carry,-0.001376284,0.0038273183,-0.0021994587,-0.0013525704,-0.004078793,-0.003088365,-0.0021468678,0.007422482,0.0049249227,0.00066657766,-0.00348887,-6.1770435e-05,0.0027665778,-0.0044772704,-0.0036807286,-0.0012965687
Tusk_mid,1.412237e-24,3.8207334e-25,1.0672579e-24,-3.8062943e-25,-1.2474816e-25,1.257703e-24,2.0574944e-24,-1.2471586e-24,-2.9609756e-25,-9.878e-25,-1.635849e-24,4.9704406e-24,1.6466068e-24,6.0671986e-24,5.7693007e-25,-1.7931483e-24
Tusk_offlane,-4.8686574e-24,1.1602306e-24,-9.026229e-25,5.4300807e-24,-3.518993e-25,2.221806e-25,2.1598726e-24,-5.358109e-24,8.0004695e-26,-4.7998786e-24,1.0959287e-24,1.934802e-24,1.0123131e-24,-1.5114617e-25,1.5547967e-24,-5.529476e-26
Tusk_softsup,0.0013566911,-0.0020537705,-0.007241806,0.0020113462,-0.005566986,-0.0012614264,0.0010115908,0.0051673176,0.0032286635,0.0037556384,-0.0033936847,-0.005754667,-0.0015560016,-0.0028236606,-0.0009827084,0.004102602
Tusk_hardsup,-3.5158888e-24,4.160544e-25,8.347692e-24,4.793199e-25,2.7197344e-24,-2.8140274e-24,-1.677426e-24,2.7900164e-24,1.7225054e-24,6.135531e-24,-5.486658e-24,-8.9239446e-26,-1.7164183e-24,-6.8557e-24,-2.1640553e-24,-1.4354176e-24
Tusk_carry,3.271238e-25,-1.3015143e-24,7.6106633e-25,7.6639094e-25,-1.8069648e-25,-3.1122278e-24,-5.7943202e-24,2.5767081e-26,2.8143234e-24,2.501267e-24,-2.798126e-24,-8.952965e-26,2.0299235e-25,-4.0574804e-25,-1.8260222e-25,3.1277363e-24
Skywrath Mage_mid,8.53113e-05,-0.00078106695,0.0019652757,0.0025294377,0.0038986837,0.000993744,-0.0011231799,-0.0036669876,-0.0015173195,-0.0012749345,0.0029099197,0.003959072,0.00036401785,0.0014951781,0.0014357292,-0.000715603
Skywrath Mage_offlane,-5.440028e-26,-6.8767815e-26,-5.0528825e-24,1.3519074e-24,-1.0028312e-24,2.7678893e-24,-1.2175187e-24,1.490374e-24,2.0766665e-25,-4.407214e-25,9.760505e-25,1.711407e-24,1.7467476e-25,-2.21025e-25,-2.9623867e-25,1.6105814e-24
Skywrath Mage_softsup,2.772919e-25,-1.1934383e-24,3.8047527e-24,2.1029434e-24,4.522731e-25,-3.4573423e-24,-2.08165e-25,1.7664632e-25,7.630716e-25,-2.3194581e-25,-1.5590205e-25,-2.1021161e-24,-2.4012867e-25,-1.088467e-24,-3.9400853e-24,-2.7433604e-25
Skywrath Mage_hardsup,0.00019311323,-0.004568073,0.0005145787,0.0029915073,0.0034966331,0.00092924066,0.0013615047,-0.0047672084,-0.00023359206,0.003969709,0.0029615113,0.0010342515,-5.9254817e-05,0.00017399032,0.0053630453,0.0035263994
Skywrath Mage_carry,-1.12016e-25,-5.430168e-24,4.188802e-24,-3.463348e-24,-3.1326653e-25,9.127978e-25,-1.2016564e-24,3.8831812e-24,3.9806893e-25,2.1595276e-24,1.1125303e-24,-1.5757517e-24,3.764036e-25,-1.994438e-24,1.825976e-24,-8.1288803e-25
Abaddon_mid,-8.324221e-25,-5.501859e-25,-1.2801261e-24,4.0161043e-24,-2.0027177e-24,-2.5839632e-24,2.9088122e-25,-1.4675713e-24,1.0671525e-24,2.1577224e-25,-3.6062536e-24,2.9970739e-24,2.5600873e-25,7.146454e-25,-2.153128e-24,-5.608746e-24
Abaddon_offlane,-0.0018026759,0.000709119,-0.0039384,-0.0003595613,-0.004669724,-0.00085711223,-0.0018684523,0.005558686,0.008073541,0.0004978911,-0.009312014,-0.0007860372,-0.0006962585,-0.006270539,0.0003783682,0.0017316994
Abaddon_softsup,-0.001701597,0.00067793764,-0.0039228676,-0.00046342972,-0.0046141427,-0.0012199334,-0.0017080605,0.0058784294,0.007776028,0.0006006814,-0.007875296,-0.0012568784,-0.0007776441,-0.0059129125,-0.0003106083,0.0017475954
Abaddon_hardsup,5.340462e-25,-2.4451873e-25,-2.107553e-24,2.5391988e-25,-1.0600296e-23,-7.402466e-25,-1.5170924e-24,1.0792007e-24,-4.660674e-26,-5.2608177e-25,2.9056207e-25,-2.5150665e-24,-3.5328974e-24,-2.277443e-24,-6.6693663e-25,-4.276915e-24
Abaddon_carry,-0.0011085097,0.000674075,-0.004058372,-9.6393866e-05,-0.004689229,-0.00047371848,-0.0022338566,0.0047848276,0.007548924,0.00029807864,-0.009984948,-0.00038991257,-0.0007456208,-0.006699157,0.0012321817,0.0014385671
Elder Titan_mid,-3.645379e-25,4.222239e-24,-8.190437e-25,1.0305533e-24,-7.591235e-25,4.802459e-24,-1.1021508e-24,-1.2489394e-24,-6.8319466e-25,-1.7986739e-25,-2.8363736e-24,-2.797873e-24,-6.913544e-25,-1.7213182e-24,4.097623e-24,-3.624239e-24
Elder Titan_offlane,-2.0491165e-24,-1.2238079e-24,-8.126916e-24,-2.5049746e-24,-3.1751651e-24,-1.9707037e-24,2.2635551e-24,-1.0560202e-24,7.6026913e-25,5.1142183e-25,-1.2224981e-24,-3.490372e-24,-2.3264242e-24,-1.457402e-24,-1.4038421e-24,-1.1402217e-24
Elder Titan_softsup,-0.0012718337,0.001832506,0.0036269012,-0.0022672375,0.0025684938,-0.001249647,0.0017384577,0.00043134013,7.030953e-05,-0.0013554347,-0.0010152597,-0.0011042333,0.0016807868,0.0019926764,-0.0007205267,-0.003409434
Elder Titan_hardsup,5.2718e-25,2.6671138e-25,1.4707514e-24,-1.6319639e-24,1.4482281e-24,-1.2611918e-24,5.84895e-25,2.6958491e-24,4.2511667e-24,6.2577358e-24,2.1237668e-24,-1.9058158e-24,1.46525e-25,-1.1045491e-24,1.3137823e-24,-2.794011e-25
Elder Titan_carry,-1.579217e-24,3.4561148e-24,-1.5272346e-24,-4.527058e-24,2.310436e-24,-1.32755e-24,-8.952037e-25,2.8777648e-24,1.6601597e-24,4.496775e-24,-1.4800741e-24,-2.8904147e-25,-1.6085126e-24,-7.4220846e-24,1.8126945e-24,5.327979e-24
Legion Commander_mid,1.1337449e-24,1.1755895e-24,-1.3370703e-24,2.107127e-25,8.468986e-25,-3.6854122e-24,2.4832044e-24,-4.854861e-24,2.4451468e-24,-3.0623994e-25,-9.448048e-25,2.6702102e-24,2.8599517e-24,-2.6866918e-24,9.339835e-25,2.0334933e-24
Legion Commander_offlane,0.0008245208,0.0033298044,0.005554116,0.0052693062,0.0012509652,0.0008523731,-0.0012272765,-0.003045284,-0.0013048096,-0.003954981,0.004641581,0.0036034475,-0.0025257803,-0.00069877406,-0.00057047873,-0.009683614
Legion Commander_softsup,7.292166e-26,3.7741514e-25,4.2797923e-25,-3.2423963e-25,-1.0812892e-25,3.988774e-25,-1.53877e-24,7.8199737e-25,8.649077e-25,-3.4342294e-24,-1.30798565e-23,1.899928e-24,2.290486e-24,-3.551219e-24,-2.8590731e-24,6.6195227e-25
Legion Commander_hardsup,1.1956934e-24,-1.4148181e-24,2.5297036e-25,-7.231246e-24,-5.563872e-25,-4.1968863e-24,1.739393e-24,3.1912658e-24,2.5029294e-24,-1.325166e-25,-2.88304e-25,3.026148e-24,1.739941e-24,-3.087814e-24,-1.357571e-25,3.634945e-24
Legion Commander_carry,-0.00014443515,-0.0004146818,0.0017560561,0.0030573239,0.00038576196,0.0009452621,-0.00020437391,-0.0011861798,0.0024624043,0.00029775625,-0.00077703514,0.0027747164,-0.0014556246,-0.000604986,0.0026784677,-0.0037002803
Techies_mid,-1.7189023e-25,1.7996584e-24,-2.0378338e-25,1.7658589e-25,-1.8483361e-25,1.0738604e-24,-2.8837493e-24,-3.5259317e-25,-1.1123747e-24,-1.344729e-24,-1.2057044e-24,-2.4792867e-24,-1.4086652e-24,4.024847e-24,6.5250693e-24,-4.913918e-25
Techies_offlane,1.1926118e-24,-4.340459e-24,-7.2704675e-26,-4.7125145e-25,-2.0254388e-25,9.199267e-25,-1.761705e-24,6.140776e-24,-4.2806093e-24,-6.0208443e-25,3.4640066e-25,3.7520343e-24,-1.4121695e-26,2.970249e-25,-2.1489999e-24,4.5241883e-25
Techies_softsup,-0.0022431149,0.0036229691,0.013147725,-0.0021486976,0.012672453,-0.00043066998,0.0015754056,-0.0037242633,-0.008197233,-0.012134005,0.005430359,0.0075497804,0.0022602342,0.008354094,0.00093546894,-0.00945793
Techies_hardsup,-0.00034237647,0.002360902,0.007568207,-0.0017103578,0.0058820327,-0.0025856802,0.0001964486,-0.00091554865,-0.003667856,-0.0066660955,0.00350282,0.003859158,0.0020040933,0.003756838,0.0003678485,-0.0060836994
Techies_carry,-4.882416e-25,2.7395293e-24,1.25533905e-23,-5.5026914e-25,4.5626965e-25,-3.4653453e-24,3.0845092e-24,-6.0097495e-26,-6.2128673e-25,2.2285289e-25,1.4551824e-24,5.180172e-25,-2.980756e-24,1.1853377e-24,3.585393e-24,3.0309259e-24
Ember Spirit_mid,-0.006292773,0.003153444,0.011725245,-0.0012247608,0.015104491,0.006383044,0.0048927013,-0.0052685537,-0.012445723,-0.01180158,-0.0023733303,-0.0008734659,-0.0011183235,0.0155095495,0.0003409997,-0.00569234
Ember Spirit_offlane,-3.5430634e-24,1.3733657e-24,-3.010607e-24,1.9710827e-25,7.76885e-25,2.6107486e-24,2.155169e-24,1.2226328e-24,4.14338e-25,-8.040997e-26,7.187382e-24,2.2797794e-25,-2.919115e-25,-4.481952e-24,-1.5742262e-25,2.6031643e-24
Ember Spirit_softsup,-2.3816196e-24,2.4058786e-24,-4.132152e-27,-1.4740931e-24,6.510881e-25,7.6054326e-25,-2.5110364e-24,-3.468978e-24,6.0272203e-25,-3.8814757e-25,2.7758219e-24,6.219003e-24,-1.0293855e-24,1.2477512e-24,1.979281e-24,5.1240924e-25
Ember Spirit_hardsup,-1.7648187e-24,2.5592938e-25,5.0838228e-24,-4.862578e-26,5.560511e-25,-1.3393813e-25,-1.3600212e-24,-2.9015659e-24,5.669014e-24,2.1839908e-25,4.6410537e-24,6.3532e-25,3.413832e-24,1.2226303e-24,1.9473394e-24,1.2048026e-24
Ember Spirit_carry,1.9653434e-24,-1.74955e-24,-5.443239e-27,-3.7130707e-25,-3.9250508e-24,-8.707897e-25,-2.0333347e-24,6.460009e-24,4.6707283e-24,6.0139095e-24,6.137128e-25,5.490189e-24,-6.60546e-26,7.8025463e-25,1.2613654e-25,-3.3297267e-25
Earth Spirit_mid,-0.00037002686,-0.000109811765,-0.0012024377,0.00044290675,-0.00036683265,-0.0005697655,-0.00072797365,0.0025858863,0.0018255712,0.00066291855,-0.0027261428,-0.00033721348,0.0015469394,-0.0012169634,-0.00041660323,0.00076888263
Earth Spirit_offlane,-1.5404572e-24,1.585114e-24,2.3223746e-24,1.4771906e-24,9.611717e-25,1.3363085e-24,-1.1557845e-24,3.0674699e-24,-2.165663e-24,6.2022453e-25,-2.5375458e-24,2.2395963e-25,-1.2876786e-24,3.4140137e-24,3.3771514e-24,-2.403744e-24
Earth Spirit_softsup,-0.0003888455,0.0019059317,-0.0016402858,-0.0020943754,0.00037744126,-0.0016863195,-0.000864973,0.004590371,0.0033789992,-0.00086674973,-0.0037796162,3.3002943e-05,0.0022115407,-0.00086967845,-0.003852674,0.00023859524
Earth Spirit_hardsup,-2.403097e-25,-2.320276e-24,2.1806807e-24,-1.8379477e-24,-3.2651152e-24,-3.9566384e-24,-4.2833932e-24,-7.5494186e-25,-6.705376e-24,1.2698452e-24,1.1817714e-24,-2.4840548e-24,1.6125186e-24,-8.6926555e-27,2.0145936e-24,-3.5351516e-24
Earth Spirit_carry,-3.8754222e-26,-4.0406116e-25,-2.582221e-24,4.796036e-24,-5.6262797e-25,-5.3448766e-24,-6.284073e-25,-2.173916e-24,2.1414738e-24,1.854537e-24,2.987673e-24,-4.307324e-25,-1.2381643e-24,2.125299e-24,3.7164527e-24,2.2525827e-24
Underlord_mid,0.00023586187,0.00066686823,-0.0019675612,0.00044373213,-0.0034674606,-0.0006577197,-0.0035293738,0.0012940422,0.0021721967,0.0034881236,0.0029803351,0.00462521,-0.00072599435,-0.0007619092,-0.003843285,0.004141253
Underlord_offlane,0.0041462667,-0.0001425437,-0.005155703,-0.0030906992,-0.0057122214,-2.1012413e-05,-0.005118517,-0.002396421,0.0017993385,0.003951344,0.0018223836,0.0036149567,-0.0014261656,-0.0005594083,-0.00840781,0.0069606113
Underlord_softsup,-6.1956686e-24,4.655858e-25,-6.1951826e-24,-5.6634494e-26,-2.5548444e-24,6.7586965e-26,1.2055563e-24,-4.5911606e-24,-3.0777523e-24,5.716228e-25,2.016216e-25,-6.295791e-25,5.423699e-25,-3.3259796e-24,-1.5265441e-24,3.8049964e-25
Underlord_hardsup,-1.2539236e-24,-1.2195533e-25,-1.56341355e-24,8.739457e-25,-1.179212e-25,-6.8734555e-24,5.83402e-25,-1.0264313e-25,2.596478e-25,-4.8307756e-25,1.2755052e-24,-3.7735946e-24,-2.9304222e-24,4.6008488e-26,3.018213e-24,-6.0280264e-26
Underlord_carry,-3.9441554e-24,3.567622e-25,1.9102898e-24,-2.853511e-25,-5.845408e-24,-9.269392e-25,1.9859372e-24,-5.8238536e-24,-5.0990357e-25,-6.1796445e-25,8.452399e-25,1.7761124e-24,8.232187e-25,9.048416e-25,-6.9746166e-25,-2.8016785e-25
Terrorblade_mid,7.732678e-25,1.8334851e-24,3.2883186e-24,9.677515e-25,-1.0008902e-24,4.649342e-24,2.2620224e-24,-2.043284e-24,2.779162e-25,1.570926e-24,1.236396e-24,-1.1017141e-24,1.8457054e-24,-2.1781495e-25,-7.2688513e-25,-2.9981712e-24
Terrorblade_offlane,8.990121e-25,-4.921928e-25,6.380008e-24,4.6548974e-24,-3.635613e-24,5.1081647e-24,4.115396e-24,2.1558726e-24,5.0120838e-24,4.769148e-25,3.457777e-26,5.377128e-25,-9.7148886e-26,2.0946017e-25,-7.7711146e-25,-1.724947e-24
Terrorblade_softsup,-1.1738035e-24,8.973343e-25,4.5522993e-26,-5.022962e-25,-2.813365e-24,2.5818358e-24,-2.5893215e-24,-1.5734101e-24,-1.1370799e-24,2.7752407e-24,5.256392e-26,-8.752683e-25,3.475707e-24,2.5059789e-25,5.4730657e-25,-2.5909385e-25
Terrorblade_hardsup,-8.097377e-25,-4.601732e-24,-1.9615687e-25,7.2004857e-26,-5.8831747e-24,1.6944687e-24,-2.528957e-25,-1.1338549e-24,-1.2532436e-25,2.0055345e-24,1.1360445e-25,9.011881e-25,-1.3585729e-24,-9.2966595e-24,-1.6346356e-24,-5.1897376e-24
Terrorblade_carry,-0.00024433652,-0.0033923225,-0.0008970251,0.0016187069,2.8779323e-07,0.0032799789,-0.00138587,-0.0032347664,-0.001121896,0.0005048639,-0.00095564115,0.0007939545,-0.002223704,-3.6952915e-05,0.0024527763,0.0030429866
Phoenix_mid,-0.0005243863,-0.0008345511,0.003013438,0.000559018,0.0021852644,0.0025738426,0.0013086718,-0.0024029096,-0.0019266973,-0.00065063225,0.0008472737,6.8671536e-05,0.0005552353,0.0016847274,-0.00011023658,-0.00034888837
Phoenix_offlane,2.0435615e-24,4.814847e-24,4.5831054e-25,-3.8461702e-25,4.9244287e-24,1.8790724e-24,-3.4450515e-25,7.652753e-26,-4.7925536e-24,2.437103e-24,4.6465532e-24,2.2379913e-24,3.454281e-25,3.022769e-24,-3.2315535e-24,-3.607844e-24
Phoenix_softsup,-0.002151744,-0.0056633167,0.0039141118,0.00010719127,0.0010748385,0.0013057343,0.0013420902,-0.0022754944,0.0012367824,0.0050029643,0.004481311,0.0031307118,0.00078416086,0.0022254759,0.0016858659,0.0043633827
Phoenix_hardsup,3.3405617e-24,9.548968e-25,-4.554032e-25,-6.061743e-25,-2.1122088e-24,9.003268e-25,8.926614e-25,2.5013653e-24,3.7520804e-24,1.7706748e-24,-3.3465613e-24,-1.223328e-24,2.5592778e-24,-9.314818e-25,-6.1371515e-25,-3.6510774e-24
Phoenix_carry,-9.983502e-25,-2.994628e-24,2.1174328e-25,3.3074978e-25,8.963957e-25,1.2435899e-25,-8.271606e-26,-8.264067e-25,-6.0889674e-25,-5.703904e-25,8.928047e-26,6.6091654e-24,5.418942e-24,-4.9489055e-24,6.252243e-24,4.740972e-24
Oracle_mid,-3.5586596e-24,-6.3724484e-24,1.3404676e-24,1.6500209e-24,2.311143e-24,-2.7906645e-25,-1.2955505e-25,-4.9791323e-25,2.2698987e-25,-7.3542357e-25,7.627942e-25,-3.1731778e-24,-2.6978207e-25,-1.0377071e-26,-4.1023433e-24,-4.3626343e-24
Oracle_offlane,-3.396602e-25,-3.698892e-25,1.5623497e-24,-4.7644714e-24,1.9458702e-24,4.3196785e-24,2.2519007e-24,-8.0508235e-25,2.3381598e-25,-2.965966e-24,-2.6399916e-25,-3.589125e-24,2.5452343e-24,1.01317025e-24,2.921238e-25,-2.3321375e-24
Oracle_softsup,-4.1623267e-24,-2.546238e-25,-1.9724969e-25,1.4801869e-24,-4.175435e-24,1.6202044e-24,3.5446587e-25,-2.4301389e-24,7.029373e-25,1.8444349e-24,-2.3344973e-25,1.6565758e-24,-9.656117e-25,-2.0123702e-24,-3.2150322e-25,-3.6002488e-24
Oracle_hardsup,-0.0018588627,0.0038945968,0.003980077,-0.0017682965,0.0049229963,3.5013632e-05,0.002177246,0.003790694,-0.0021213307,-0.008398244,-0.0054457355,0.00035775808,0.0021864509,0.0039994926,-0.0025271778,-0.0077966517
Oracle_carry,9.314642e-25,2.172306e-24,-1.2794924e-24,3.3962343e-24,4.4838116e-24,-3.3351343e-24,-3.1089174e-24,6.398993e-25,-4.594052e-25,-1.5985398e-25,4.5643265e-25,8.350006e-25,-1.7333731e-24,2.6249502e-24,-3.8374048e-25,3.8663382e-25
Winter Wyvern_mid,1.6645806e-25,4.9128423e-25,-4.7911674e-25,-1.5638275e-25,1.7445247e-24,-2.0479385e-24,-1.0853523e-24,-3.5442112e-24,-1.600481e-24,-3.822635e-24,-6.341637e-25,-2.8179847e-24,7.0562997e-25,-2.8765915e-24,-4.29134e-24,-9.835519e-25
Winter Wyvern_offlane,2.6811965e-25,4.582354e-24,1.1625009e-25,-1.2718451e-24,6.0681054e-26,1.3932414e-24,5.9366615e-25,1.1911181e-25,2.1134033e-24,-1.5071297e-24,-2.4382535e-24,1.6412697e-24,3.1033901e-25,-1.857702e-24,-1.3420826e-24,-2.451505e-24
Winter Wyvern_softsup,-0.0017940676,0.0062417425,0.008117851,-0.00072608853,0.0078067333,0.001409421,0.0013223775,-0.0017507391,-0.008359447,-0.007493443,0.0054567354,0.00055278506,0.0005127692,0.0073047285,-0.0032596756,-0.006669287
Winter Wyvern_hardsup,-0.002789714,0.008869554,0.009298891,-0.0022967982,0.008403073,0.00085188216,0.0009374607,0.00055216963,-0.009006163,-0.009236656,0.0044051646,0.001195146,0.0014606487,0.009345831,-0.0059619853,-0.008348068
Winter Wyvern_carry,-1.814859e-24,1.5935205e-24,-8.0949277e-25,-1.505292e-24,-1.0361984e-26,-6.653311e-25,1.0717661e-24,9.2298915e-25,5.8809115e-24,-1.5918003e-24,7.429792e-25,8.403174e-25,5.192584e-24,-9.279466e-25,1.7735463e-24,-8.914448e-25
Arc Warden_mid,-0.00029240065,-0.005333115,-0.0013542967,0.0013072217,-0.0005516356,0.0009088827,-0.00020968114,-0.002955791,-0.0009980792,0.005023541,0.002305672,0.0011100896,0.00091933203,-0.00143049,0.0057678837,0.0035363492
Arc Warden_offlane,5.1379974e-24,2.4377415e-24,1.6105798e-24,2.90576e-25,-1.7161533e-24,-4.205852e-24,-5.314962e-24,-3.3452325e-24,-6.6853107e-25,-3.8189033e-24,5.094865e-25,2.2235539e-25,-1.5105217e-25,-1.3122758e-24,1.5422343e-24,-1.3741855e-24
Arc Warden_softsup,-2.1924716e-24,2.1877598e-24,-3.6423522e-25,2.370588e-25,2.6640064e-25,-8.2010167e-25,-1.6829168e-25,1.1375943e-24,-2.6767998e-26,-3.3175127e-24,-1.5585584e-24,2.1955094e-24,8.588092e-26,4.678515e-25,-5.5425738e-24,3.2102428e-25
Arc Warden_hardsup,1.4120095e-24,-1.7434063e-25,1.042643e-23,-8.960251e-25,6.4491844e-25,5.5817244e-25,3.2774603e-24,4.5829466e-26,-5.506888e-24,3.925541e-24,5.2664725e-24,8.3745766e-24,-2.8920288e-24,1.7495866e-24,-1.1141516e-24,-1.4172872e-25
Arc Warden_carry,2.5008255e-24,2.3625132e-24,3.2262577e-25,-3.2429999e-24,8.1090907e-25,2.1235437e-24,2.9041537e-25,6.606912e-25,1.8797003e-24,6.8074205e-25,-5.6171164e-24,-8.560058e-25,3.2731425e-24,2.7443712e-24,6.0537505e-24,-6.6080085e-24
Monkey King_mid,0.0017406265,-0.0041301046,0.0021529244,0.0029156986,0.0026721437,0.00290942,0.00027661285,-0.006389413,-0.00092957565,0.00041479245,0.0035602646,-0.00033516245,-0.0020378004,0.0007347886,0.004904964,-0.00071632536
Monkey King_offlane,2.322509e-24,-2.3949955e-24,-3.805113e-24,-7.66334e-26,-1.792147e-24,-3.1044137e-25,2.9920873e-24,-5.395823e-24,-3.1183632e-24,-5.697133e-25,-1.2845164e-24,4.6939324e-25,3.407006e-24,-4.2660146e-24,-9.40243e-25,-1.3761284e-25
Monkey King_softsup,-4.8893607e-24,-2.7336094e-25,-7.519782e-25,-5.485716e-24,-5.8027326e-26,-8.350454e-25,-8.61933e-25,7.316e-24,1.1390098e-24,7.2996475e-25,-8.3324715e-26,-1.8733932e-24,-6.9067203e-25,6.647799e-25,-1.1260348e-24,2.3744925e-25
Monkey King_hardsup,-6.81527e-25,-4.5924997e-24,6.5747226e-24,1.438234e-24,-9.567516e-25,-5.2441655e-24,3.8501457e-24,7.2668195e-25,-6.410674e-24,-1.4375708e-26,-1.938694e-24,-6.182441e-26,-2.9767899e-24,1.4747411e-24,1.0438769e-23,1.671792e-23
Monkey King_carry,0.003129296,0.0012019998,0.007604652,0.0024354467,0.0036237512,-0.00065100926,-0.0020954818,-0.007043583,-0.004064477,-0.0012717425,0.013723372,0.0022530938,-0.00025963498,0.0015911887,0.0014063856,-0.0066176997
Dark Willow_mid,4.0316738e-25,-2.1230071e-24,5.829209e-26,-1.1153016e-24,-7.472759e-25,-2.745599e-25,-1.997713e-24,3.7855912e-24,-7.1406806e-24,5.2693177e-25,2.5385773e-24,-6.572891e-24,-1.1634096e-24,2.9880215e-24,-6.5973305e-25,-9.833395e-25
Dark Willow_offlane,-5.752382e-25,1.287703e-25,4.7049947e-25,-8.585352e-25,-2.9053964e-24,-4.490792e-24,-2.637126e-24,-3.055033e-24,-5.1891053e-25,-2.7974735e-24,-4.18684e-25,-1.2802897e-23,5.7144283e-24,-1.3523222e-24,-8.660679e-25,-2.604615e-25
Dark Willow_softsup,0.006476266,-0.009851192,-0.0042947447,0.006143858,-0.0038737024,0.0043633236,-0.0022288316,-0.011145487,0.0018854269,0.006328138,0.0028870555,-0.0006426232,-0.0045212093,-0.004377803,0.008411826,0.0024963804
Dark Willow_hardsup,0.006394691,-0.009722081,-0.004272458,0.0060801515,-0.0038353025,0.0042981487,-0.0022462914,-0.010977944,0.0018679092,0.006289027,0.0027949174,-0.00060386787,-0.0044910978,-0.0043586236,0.008232599,0.0025060542
Dark Willow_carry,3.6276284e-25,-4.0546496e-24,7.6372203e-25,-4.8787994e-24,5.7222787e-25,-1.9740172e-25,4.766037e-25,-1.5130037e-24,2.0217201e-24,-1.2346443e-24,-1.3460867e-24,2.101904e-24,-2.3717417e-24,-1.1884181e-24,-5.0891907e-25,1.5608857e-24
Pangolier_mid,0.00089274906,-0.0056029614,-0.002225876,0.00034530263,-0.002326085,0.00030844015,-0.0006526025,-0.0033487736,0.0015257013,0.006772103,0.0030210884,0.0015336489,-0.00048626846,-0.0013184424,0.003509301,0.005551685
Pangolier_offlane,0.0010975038,-0.005538041,-0.0021521025,0.00028975913,-0.0021607864,0.000500243,-0.0005341796,-0.003672694,0.0014798699,0.0065090233,0.0026647947,0.0013866981,-0.0007027855,-0.0009833358,0.0033608838,0.0054186
Pangolier_softsup,4.274585e-24,1.6144467e-25,-2.2305651e-24,8.698329e-25,-5.296097e-25,1.825369e-24,2.0960488e-24,-3.254197e-25,-3.9678844e-24,-4.4391806e-25,8.145939e-25,6.3760225e-26,-4.2137636e-25,4.1238867e-24,-5.179536e-26,1.6963799e-24
Pangolier_hardsup,-3.2154335e-25,-1.7140104e-24,-4.581932e-24,-6.894363e-24,6.2872005e-24,1.0610723e-24,1.959692e-24,-4.703654e-24,2.2461035e-24,-2.350453e-25,4.0241668e-26,-7.2143164e-25,1.4741194e-24,8.1763776e-25,8.563266e-24,-2.3471458e-24
Pangolier_carry,-2.5598446e-24,1.334235e-26,-1.9253334e-26,4.9633677e-24,-5.6260633e-25,-6.401264e-25,-4.7399796e-24,9.798117e-25,-1.5551663e-25,3.6289274e-24,-5.9878392e-24,-3.2149078e-24,-8.341155e-24,-1.805754e-24,1.9637572e-24,-1.3999655e-24
Grimstroke_mid,4.247755e-24,-7.9814037e-25,-1.3947569e-24,-1.6037449e-25,3.2627228e-25,-2.3426086e-24,1.5509836e-24,4.96673e-25,1.6944807e-24,-5.279029e-24,2.3523817e-25,-1.9003316e-24,2.25176e-25,5.7492983e-24,-4.806126e-24,5.8400852e-27
Grimstroke_offlane,5.234908e-25,-3.4581856e-24,-2.00328e-24,-1.281767e-24,2.2811942e-24,1.6297747e-25,2.9876823e-24,2.9646052e-24,-1.666645e-24,-5.901353e-25,7.4295556e-25,8.552644e-25,-9.03609e-25,-3.6795855e-25,7.2239647e-25,-1.4833539e-24
Grimstroke_softsup,-5.6360158e-25,1.3438623e-25,-9.651574e-25,2.6719618e-24,2.6438527e-24,7.3779305e-24,2.1422267e-25,-8.49095e-25,2.3423047e-24,4.7506284e-24,-4.2724525e-24,-4.1510326e-24,-1.32252235e-24,-3.2446096e-25,1.30497335e-24,-3.761442e-24
Grimstroke_hardsup,0.0009946696,-0.0051447097,-0.00042614777,0.0057663294,0.0011485602,0.0044009313,0.0012077859,-0.006893973,-0.00027916243,0.0013218916,-3.058747e-05,0.0014947511,-0.0016699922,-0.00089596654,0.006082039,-0.00051156816
Grimstroke_carry,-6.1745772e-24,4.481396e-24,-8.437428e-25,4.9913527e-25,-1.5308506e-24,-2.3996882e-25,-1.9962677e-24,-3.3299195e-24,-1.3594028e-24,-4.635194e-25,-6.9886193e-25,-7.7280645e-25,9.476608e-25,2.0809622e-24,6.717133e-24,-7.883369e-25
Hoodwink_mid,-4.1721607e-24,-2.1777955e-24,8.1060374e-25,-1.0736205e-25,-2.7214837e-24,-2.87561e-25,5.1524773e-24,-6.352339e-25,1.7218372e-24,-2.3718921e-24,1.7971527e-24,-3.1017173e-24,1.8475428e-25,-4.2845535e-25,3.1225984e-24,2.881058e-25
Hoodwink_offlane,-2.5547706e-24,-3.0437295e-24,-4.6572664e-24,4.978758e-25,1.1400564e-24,-9.748725e-25,-9.702417e-25,-1.9957976e-24,-2.7492212e-25,8.304814e-25,2.684498e-24,-1.619165e-25,3.9859727e-25,2.5797047e-24,-3.505802e-24,2.5752865e-24
Hoodwink_softsup,-0.008668876,0.008650187,0.0027037505,-0.008825642,0.0039828685,-0.007226037,0.0045525255,0.012897976,0.0023405205,-0.0034895395,-0.0051518404,-0.0016067838,0.004718364,0.0059637586,-0.0077356985,-0.0026544281
Hoodwink_hardsup,-0.005723648,0.005276728,0.0016752187,-0.0035983822,0.001636755,-0.0035435096,0.0014250691,0.008947221,0.0010304078,-0.001005536,-0.0028882208,0.00028220215,0.0027394,0.0012205734,-0.003491212,-0.0018184584
Hoodwink_carry,-1.4979522e-24,3.8016425e-25,-3.6982162e-24,-4.2945813e-24,5.5145913e-25,-1.874922e-24,2.160668e-24,5.5114935e-24,-1.7989535e-24,5.2143686e-24,-1.2748229e-24,-1.2268816e-25,-5.460134e-25,7.2037013e-25,-6.189881e-26,-1.0099643e-24
Void Spirit_mid,0.0032190685,-0.008635438,-0.010868889,0.0077155903,-0.0106014935,0.005738643,-0.0013205025,-0.003752887,0.010453851,0.006366154,-0.008266617,-0.0030099002,-0.005318088,-0.008838805,0.0043516676,0.0020958309
Void Spirit_offlane,1.7213592e-24,2.2678272e-26,-7.59662e-24,4.10028e-24,-1.962342e-24,3.1080641e-25,3.0467636e-24,4.0276646e-24,1.3522293e-24,3.1030573e-25,3.0274537e-24,-1.6828745e-25,-1.1154896e-24,-5.5344864e-25,8.934918e-25,-2.1964427e-25
Void Spirit_softsup,3.742871e-24,-4.579662e-25,2.1018984e-25,2.1763602e-25,3.8745037e-24,1.1910046e-24,1.1939439e-25,1.2150138e-24,-1.493932e-24,2.5945235e-24,-4.0864005e-24,-8.1532886e-25,2.296853e-24,1.447276e-24,2.7724886e-25,-3.5152579e-25
Void Spirit_hardsup,9.308464e-25,-2.6556892e-24,-7.3776757e-25,2.0716045e-24,-1.9396327e-24,-1.9352632e-26,-8.062575e-25,6.170858e-24,9.884446e-25,2.3979476e-25,2.9405764e-24,4.2917772e-24,-7.494361e-25,-1.7428286e-24,-3.4964978e-26,-1.7800986e-24
Void Spirit_carry,5.658512e-25,6.359117e-25,2.191462e-24,-1.1265153e-24,-5.600686e-24,3.4358127e-25,-6.6004234e-25,4.6126043e-25,8.0250603e-25,4.6088232e-24,-3.2971339e-24,-1.9524554e-24,-1.3211676e-24,9.545838e-26,4.6472553e-24,-6.649782e-26
Snapfire_mid,-1.9135354e-24,6.61382e-25,-6.9194293e-26,-4.1665464e-26,-4.245257e-25,2.4118263e-24,1.1949607e-24,3.73237e-24,-1.9119677e-24,2.289074e-24,4.7852464e-24,1.7862544e-24,2.7089336e-25,-5.6645553e-25,3.083105e-26,-5.4137295e-25
Snapfire_offlane,3.2414772e-24,2.354856e-24,3.2983906e-25,-1.3416454e-24,-4.604084e-24,-4.7823107e-24,-2.1617436e-25,-7.152678e-25,-2.3348468e-24,-1.2384734e-24,-8.6615547e-26,8.936997e-25,3.2388106e-24,1.0614815e-24,-5.1903395e-24,5.1328655e-25
Snapfire_softsup,-0.0015219774,0.0005417713,-0.0031839297,-0.0015037225,-0.003552463,-0.002074451,-0.00038046588,0.0054514837,0.0071146637,0.002228414,-0.0017287254,-0.0019121845,0.00069432624,-0.0026223506,-0.0022354121,0.0021912737
Snapfire_hardsup,0.0010390314,-0.003968397,0.0032051106,-0.0009878911,0.0024577917,-0.0025706298,0.003967452,-0.002504857,0.0032337927,0.0037652957,0.004011996,0.0009178501,0.0006080523,0.00021832308,0.0074511813,0.0018611436
Snapfire_carry,-6.1074942e-25,1.4714047e-24,-4.4810573e-25,-5.6994796e-25,-3.392991e-25,4.877917e-24,2.038731e-24,4.673487e-25,-4.4019756e-24,-3.8675436e-24,-1.0193568e-23,2.6932315e-24,1.866476e-24,3.7206842e-25,3.4195416e-24,-8.891393e-25
Mars_mid,-1.7684664e-24,1.5824099e-24,1.0635532e-24,-4.97774e-25,-6.323082e-25,-1.5528521e-24,-4.3174965e-24,-3.348892e-25,9.178425e-25,3.9767283e-24,1.8894106e-26,-2.1450075e-24,1.5514126e-25,1.4436768e-24,-5.9202725e-24,1.0438021e-24
Mars_offlane,1.598726e-24,1.0615953e-23,2.3565913e-25,6.403449e-24,-1.1651276e-24,-1.6867799e-25,2.7279882e-25,1.933768e-24,-3.0012387e-24,-1.0394999e-24,-2.8321894e-25,1.4617014e-24,5.021643e-24,1.5826273e-24,4.731389e-25,-2.2910735e-24
Mars_softsup,0.0012113915,0.0055982047,0.006553397,-0.0008792848,0.008617156,0.0026997526,0.0014863092,-0.003470728,-0.008697758,-0.010196848,-0.00039947542,7.969531e-06,-0.0003553538,0.005985562,-0.0011560887,-0.008549408
Mars_hardsup,7.5217375e-24,-3.8599185e-24,-6.3958318e-24,1.6503731e-24,9.2448755e-24,2.3693356e-25,-6.175767e-24,-7.034832e-24,-1.1186411e-24,2.213615e-24,-2.5638447e-24,-1.959261e-25,4.5989143e-24,-2.3620673e-24,-2.7689665e-24,-5.3869186e-25
Mars_carry,-4.739761e-25,5.9813367e-25,2.1149964e-24,5.6312836e-27,-2.8272824e-25,1.72813e-24,-1.8281692e-24,-6.679175e-24,3.8962032e-25,8.533414e-25,-2.8878241e-24,2.026322e-24,5.362715e-25,-2.0064596e-25,-1.2180643e-24,2.5415839e-25
Ringmaster_mid,2.2298873e-24,-3.541683e-24,-7.067825e-25,-4.3929802e-24,1.8138205e-26,-2.2207791e-24,-1.6675348e-24,-1.3930654e-24,-3.4461866e-24,-3.4653888e-25,3.7048133e-25,-1.1335365e-23,9.587389e-25,-5.046788e-25,-4.2431913e-24,-1.590213e-26
Ringmaster_offlane,3.060343e-24,-2.8564413e-24,2.3907978e-25,-1.0593568e-24,3.794139e-25,1.0434065e-24,2.9303465e-24,-2.899838e-24,-7.9475005e-25,-7.9105973e-26,2.6990002e-24,6.294765e-25,1.1861587e-24,-1.5877157e-24,6.841433e-24,3.5335614e-25
Ringmaster_softsup,-1.776706e-24,1.0908901e-24,-1.8662696e-24,-3.6021294e-24,-6.8745195e-25,-4.382933e-25,5.808806e-25,-9.35777e-25,-6.3054847e-24,-3.41195e-24,-3.4778605e-24,2.5886437e-24,-1.8705135e-25,5.60152e-25,-1.29003755e-24,-1.990726e-24
Ringmaster_hardsup,-0.0036636896,0.0049581644,0.0036367145,0.00023526218,0.00090283726,0.00044960363,-0.00014721713,0.005915556,0.003209916,-0.004794185,-0.004458816,-0.00018849617,-0.0015486965,9.131007e-05,-0.00088517094,-0.007219512
Ringmaster_carry,-2.585152e-24,-4.6430667e-25,3.5024734e-25,-1.4903762e-25,3.056553e-25,3.1210954e-25,-1.5051239e-24,-2.3103837e-24,-3.8455427e-24,2.222237e-24,9.514104e-25,-1.0546643e-24,3.0470762e-24,5.4925292e-24,2.2556677e-24,8.550897e-25
Dawnbreaker_mid,-0.0032291089,0.002315627,-0.0043442235,0.00032738096,-0.0066255494,-0.0023796037,-0.0017758606,0.011347997,0.006801584,0.00072099257,-0.0090347,-0.0031102556,0.0010617694,-0.0047995644,-0.0034167466,-0.0003065055
Dawnbreaker_offlane,-0.006046155,0.005809809,-0.0011375664,-0.0019172281,-0.0045135785,-0.0008156455,0.00012565956,0.012649184,0.006500061,-0.003856609,-0.013762203,-0.0048812237,0.0005874929,-0.0008636195,-0.007921869,-0.002649484
Dawnbreaker_softsup,-6.3044777e-27,-1.783551e-24,-4.228983e-25,-6.0928224e-24,3.1808647e-24,-7.365694e-25,3.6620296e-24,1.2311283e-24,-1.3539323e-24,1.2592604e-25,-2.4365599e-25,-1.2018507e-24,5.013074e-25,-2.0235303e-25,-7.2739967e-25,-1.0632662e-24
Dawnbreaker_hardsup,2.118351e-24,3.816154e-26,-7.597572e-25,2.2873334e-24,2.2944771e-25,-2.5903088e-24,-4.6791766e-24,9.836544e-25,2.4710472e-24,1.3397222e-24,-2.2034528e-24,9.400409e-25,-3.4092916e-24,-2.9402686e-24,-6.7980463e-25,-8.219036e-24
Dawnbreaker_carry,1.3867913e-25,-4.5955246e-24,-2.4206522e-25,3.5892556e-24,-1.0816256e-24,-5.529826e-24,-6.1012183e-24,-2.448446e-25,-6.524701e-25,-3.069342e-24,-2.784975e-24,-4.8156507e-24,-2.0179587e-24,-1.7504157e-24,-1.0082129e-24,8.760056e-24
Marci_mid,0.0011395179,0.00051511923,0.0011777225,-0.0010839605,0.002609057,-0.00042107815,0.0010586912,-0.0024888357,-0.0035620416,-0.0037038617,0.0014034918,-0.0013180537,0.000931024,0.0021808,-0.0014257018,-0.0014199417
Marci_offlane,0.0011489046,0.0019364337,0.0010808192,-0.0015247982,0.0027332732,-8.667778e-05,0.0014354209,-0.0023269807,-0.0028736186,-0.0042679915,0.00017778519,-0.0012588889,7.352422e-06,0.0024773083,-0.0024560792,-0.0014883988
Marci_softsup,-5.343037e-24,-1.4199399e-24,1.4349667e-24,2.3189032e-24,3.0908216e-25,-1.4779429e-24,-1.0976848e-24,-1.5428757e-24,4.726911e-24,-4.98283e-25,7.240541e-25,5.968009e-26,3.023376e-24,-4.81653e-25,7.0417176e-26,-1.2023981e-24
Marci_hardsup,0.0011718186,0.00018762259,0.0011575778,-0.00094027625,0.0025313331,-0.00046009768,0.0009330038,-0.002575272,-0.0036866867,-0.0035173239,0.0017004546,-0.001276918,0.0011060135,0.002083805,-0.0011949645,-0.0013651641
Marci_carry,-4.091523e-24,-7.3459995e-25,2.498649e-25,2.1155837e-24,3.5982135e-25,-1.3163401e-25,2.5610077e-24,1.0332283e-25,2.351402e-25,-8.9979585e-25,8.2655214e-25,1.373223e-24,-2.2121267e-24,1.1284175e-25,6.907328e-24,8.653986e-25
Primal Beast_mid,-0.00041491055,0.002425619,0.0020889563,-0.0017470224,0.0021428184,-0.0006617286,-0.0009841456,-0.00035546988,-0.0010936128,0.0007749988,0.0039448244,0.0050740396,0.00088405056,0.0013264741,-0.00064468634,-0.00085158495
Primal Beast_offlane,-0.0029333192,0.0041024215,0.0011490209,-0.00021114973,0.0011490089,-0.000780207,-0.0013948942,0.0021886006,0.00016289507,0.00041023933,0.003132862,0.0042156153,0.0008012511,0.0005856068,-0.0011524867,-0.0018471634
Primal Beast_softsup,-2.73848e-25,1.6871966e-24,-1.6518672e-24,-2.7292357e-24,8.41743e-25,4.1299014e-24,-7.863104e-26,2.1654616e-24,-2.9318398e-24,-3.548042e-25,-1.7681314e-25,1.9099447e-25,6.2128105e-24,1.5957955e-24,-5.24419e-25,1.2986771e-23
Primal Beast_hardsup,-5.135154e-24,-2.6045513e-24,-4.913992e-25,3.197399e-24,-1.7708152e-24,-1.2169659e-27,3.557514e-24,-1.7829797e-24,-2.3924098e-24,-2.045966e-24,2.3660162e-25,4.0509975e-25,1.5791654e-25,2.3384598e-26,7.672493e-25,-1.9179096e-24
Primal Beast_carry,3.4640377e-24,-9.150311e-25,5.7750338e-25,-6.559709e-24,-1.9640412e-24,8.285468e-24,1.0123014e-24,3.1060578e-24,-6.3749128e-24,-3.292731e-24,3.6106605e-24,1.5226e-24,1.6571512e-24,1.5206911e-25,-3.0079424e-25,2.5272942e-24
Muerta_mid,-0.0055439984,-0.0022707363,0.0019871609,0.00026794698,-0.001027298,-0.0025331997,-0.00096397277,0.0071479264,0.0019758972,0.0060948115,0.006442733,0.004059236,0.0008056806,-0.003930125,0.0056619234,0.0043810867
Muerta_offlane,-6.571955e-25,-1.4043099e-24,-1.2046734e-24,3.57182e-24,8.101353e-24,1.12334684e-23,9.426503e-25,-6.954375e-25,7.924124e-25,-2.8531545e-24,5.12033e-24,-7.0440516e-25,-1.5801702e-24,-1.4811386e-25,6.2313267e-25,8.898312e-24
Muerta_softsup,1.7277065e-25,-3.0674284e-25,-1.6822013e-24,-4.0779006e-25,2.6560493e-24,4.7306285e-24,-2.2003495e-25,-1.3677927e-24,-1.0618028e-24,6.579887e-25,1.0191954e-24,-7.633234e-24,-5.3340258e-24,-1.6097136e-25,3.507528e-25,6.4072166e-24
Muerta_hardsup,-5.4747884e-25,4.14449e-24,2.9444233e-27,2.5921008e-25,-3.957021e-24,-1.0946881e-24,-1.2160435e-24,-1.585422e-24,-3.394402e-24,1.4225408e-24,-8.631628e-25,-1.2373061e-24,-4.7606217e-24,1.1231013e-24,3.9463043e-25,-1.3702662e-26
Muerta_carry,-5.9802687e-25,-4.284817e-24,2.5891746e-24,3.913306e-24,2.4282736e-25,-1.2601497e-24,-1.2793855e-25,1.5986148e-25,-7.251701e-24,5.6277893e-24,2.029455e-24,-3.9190965e-24,-5.8517138e-24,-2.7516548e-25,2.179487e-25,2.2305811e-24
Kez_mid,-0.0023037822,0.003984907,-0.00020463456,-0.002501549,-0.0022422364,-0.0042903414,-0.0009460528,0.0064039254,0.0019645204,0.0006020194,-0.0020277689,0.0007625697,0.0023267367,-0.0029856334,-0.0045611956,-0.0006443735
Kez_offlane,4.4815156e-24,8.078044e-25,4.907637e-24,-2.5764383e-24,-4.9822394e-25,-8.421862e-25,7.891142e-24,-2.984873e-24,-1.19426175e-24,1.9252578e-24,-7.5551004e-25,-2.4191893e-24,-3.3130728e-25,8.1096227e-25,1.9149009e-25,-1.3205226e-24
Kez_softsup,-3.0081558e-24,6.336132e-25,2.1727357e-24,-2.9327048e-25,-1.7902202e-25,1.0676761e-24,1.8675643e-24,1.6719055e-24,3.1094073e-24,-4.9997618e-24,-3.236281e-24,1.4152953e-24,-9.957599e-26,-2.2449942e-24,3.9070136e-25,4.2572788e-24
Kez_hardsup,8.538931e-24,2.2534167e-25,1.3118164e-24,2.1404183e-25,7.0907354e-25,3.4758077e-25,-2.3806016e-24,-6.994035e-25,5.0684242e-24,1.701814e-24,4.338545e-24,-1.0165268e-24,4.6385944e-24,1.11907e-24,-5.4417075e-25,1.7587938e-24
Kez_carry,0.0045418395,0.00546675,-0.0002082666,-0.0025226227,-0.0011914598,-1.882622e-05,-0.0025532208,-0.0023274291,-0.0033066347,-0.0065159285,-0.0025635033,-0.0015221786,0.00017129468,-0.0013290019,-0.004988988,-0.004212963
Largo_mid,8.939425e-25,2.8249993e-24,-1.0650446e-25,3.9031556e-25,-3.3676358e-24,1.5355048e-24,-9.939269e-25,-5.262206e-25,-7.79156e-24,1.3834954e-24,-1.1814459e-25,2.9468441e-24,9.31737e-25,-2.5957789e-25,2.2131883e-24,4.651331e-25
Largo_offlane,-0.00056915893,-0.0007135072,-0.0042214445,-0.0022827496,-0.004097822,-0.0011791837,-0.00046123622,0.0070055015,0.0043700286,0.00084975787,-0.0074023856,-0.002769994,0.0017966223,-0.0027498472,-0.002450666,0.0020023552
Largo_softsup,-0.00022400617,-0.00011247955,-0.0033765256,-0.0026253653,-0.003218423,-0.0013256259,-0.00040557105,0.006198511,0.003995138,0.00014580613,-0.006411888,-0.0021057755,0.001914996,-0.002297163,-0.002476065,0.0010963182
Largo_hardsup,-0.000612389,-0.00082856143,-0.0043932563,-0.002185392,-0.004283063,-0.0011449239,-0.00051150797,0.007113848,0.0044373632,0.0009925792,-0.0075524664,-0.0028736615,0.001754222,-0.0028575142,-0.0024527651,0.0021710442
Largo_carry,-3.6298184e-24,1.949402e-24,1.25544255e-23,2.09209e-24,-5.916664e-25,3.3251923e-24,-5.2277524e-24,-9.63425e-26,-3.428387e-24,1.7015146e-24,8.65903e-25,4.3025827e-24,2.1753522e-24,-4.1052684e-24,2.7447676e-24,1.3461561e-25
